Time_fs,Coherence_Im_0_1,Coherence_Im_0_2,Coherence_Im_0_3,Coherence_Im_0_4,Coherence_Im_0_5,Coherence_Im_0_6,Coherence_Im_1_0,Coherence_Im_1_2,Coherence_Im_1_3,Coherence_Im_1_4,Coherence_Im_1_5,Coherence_Im_1_6,Coherence_Im_2_0,Coherence_Im_2_1,Coherence_Im_2_3,Coherence_Im_2_4,Coherence_Im_2_5,Coherence_Im_2_6,Coherence_Im_3_0,Coherence_Im_3_1,Coherence_Im_3_2,Coherence_Im_3_4,Coherence_Im_3_5,Coherence_Im_3_6,Coherence_Im_4_0,Coherence_Im_4_1,Coherence_Im_4_2,Coherence_Im_4_3,Coherence_Im_4_5,Coherence_Im_4_6,Coherence_Im_5_0,Coherence_Im_5_1,Coherence_Im_5_2,Coherence_Im_5_3,Coherence_Im_5_4,Coherence_Im_5_6,Coherence_Im_6_0,Coherence_Im_6_1,Coherence_Im_6_2,Coherence_Im_6_3,Coherence_Im_6_4,Coherence_Im_6_5
0.0,0.0,0.0,0.0,0.0,0.0,0.0,0.0,0.0,0.0,0.0,0.0,0.0,0.0,0.0,0.0,0.0,0.0,0.0,0.0,0.0,0.0,0.0,0.0,0.0,0.0,0.0,0.0,0.0,0.0,0.0,0.0,0.0,0.0,0.0,0.0,0.0,0.0,0.0,0.0,0.0,0.0,0.0
5.05050505050505,1.17417260417304e-17,-7.213685892019666e-18,-2.987774105361606e-17,3.3843745271049903e-18,-1.3776310622069498e-17,1.602561222153011e-17,9.730801886869228e-17,2.065934864706619e-17,3.951579927046925e-17,-2.7541786910625536e-17,5.888176083873579e-18,2.3632604882393785e-17,6.321203003479292e-17,2.7374887657183623e-17,-4.623693506542876e-17,4.554049923513243e-17,1.1921279090518025e-18,-3.050765343190388e-17,2.7172302158357205e-17,6.002389095666174e-17,3.115761346900747e-17,7.067224948921024e-18,1.2451272060506113e-17,-5.240112163157334e-17,2.38057601378772e-17,-1.600645664032414e-18,-3.150712576879407e-17,-4.144744001650245e-17,-4.313587094267769e-17,-4.091741747437547e-17,-6.791711413436665e-17,1.1556468000903326e-18,3.8423995689738825e-17,3.2653435884623266e-17,-1.0011470806188099e-16,-1.1604168018565626e-17,4.9396447618828766e-17,-3.901606384321292e-17,-8.10301807849544e-17,-5.031750915342788e-17,-1.862128304004301e-17,-9.673424693888385e-18
10.1010101010101,1.174172604117084e-17,-7.213685892239266e-18,-2.9877741051177683e-17,3.3843745268596623e-18,-1.377631062074825e-17,1.6025612221175156e-17,9.730801885958682e-17,2.0659348645639982e-17,3.951579926600538e-17,-2.7541786907910003e-17,5.888176082360625e-18,2.3632604880374203e-17,6.321203002776921e-17,2.7374887655219498e-17,-4.623693505986263e-17,4.5540499230771987e-17,1.192127908553432e-18,-3.0507653428845086e-17,2.7172302155193657e-17,6.002389095077488e-17,3.1157613466647124e-17,7.067224947914849e-18,1.2451272060336993e-17,-5.240112162661174e-17,2.3805760135704002e-17,-1.6006456647742683e-18,-3.1507125765099835e-17,-4.144744001266466e-17,-4.3135870938606495e-17,-4.091741747009066e-17,-6.79171141274967e-17,1.1556467992592112e-18,3.8423995685464283e-17,3.2653435882157656e-17,-1.0011470805156839e-16,-1.1604168017682415e-17,4.9396447615645256e-17,-3.9016063838299873e-17,-8.103018077682252e-17,-5.031750914866207e-17,-1.8621283038137883e-17,-9.673424692990085e-18
15.15151515151515,1.1741726040611283e-17,-7.213685892458863e-18,-2.9877741048739314e-17,3.3843745266143335e-18,-1.3776310619427004e-17,1.602561222082021e-17,9.730801885048138e-17,2.0659348644213777e-17,3.9515799261541505e-17,-2.7541786905194466e-17,5.888176080847672e-18,2.363260487835462e-17,6.321203002074551e-17,2.737488765325537e-17,-4.62369350542965e-17,4.554049922641155e-17,1.1921279080550614e-18,-3.0507653425786284e-17,2.7172302152030112e-17,6.002389094488804e-17,3.1157613464286785e-17,7.067224946908674e-18,1.2451272060167875e-17,-5.240112162165016e-17,2.3805760133530807e-17,-1.6006456655161232e-18,-3.1507125761405605e-17,-4.1447440008826866e-17,-4.313587093453529e-17,-4.091741746580586e-17,-6.791711412062675e-17,1.1556467984280902e-18,3.8423995681189754e-17,3.265343587969204e-17,-1.0011470804125585e-16,-1.1604168016799205e-17,4.9396447612461746e-17,-3.901606383338683e-17,-8.103018076869062e-17,-5.0317509143896254e-17,-1.8621283036232756e-17,-9.673424692091785e-18
20.2020202020202,1.1741726040051728e-17,-7.213685892678464e-18,-2.9877741046300927e-17,3.3843745263690054e-18,-1.3776310618105754e-17,1.6025612220465258e-17,9.730801884137591e-17,2.0659348642787572e-17,3.9515799257077637e-17,-2.7541786902478933e-17,5.888176079334717e-18,2.3632604876335034e-17,6.32120300137218e-17,2.7374887651291242e-17,-4.6236935048730376e-17,4.554049922205112e-17,1.1921279075566906e-18,-3.050765342272749e-17,2.7172302148866574e-17,6.002389093900119e-17,3.1157613461926445e-17,7.067224945902497e-18,1.2451272059998757e-17,-5.2401121616688557e-17,2.380576013135761e-17,-1.6006456662579776e-18,-3.150712575771138e-17,-4.144744000498907e-17,-4.313587093046409e-17,-4.091741746152106e-17,-6.791711411375681e-17,1.1556467975969692e-18,3.842399567691522e-17,3.265343587722643e-17,-1.0011470803094328e-16,-1.1604168015915992e-17,4.939644760927825e-17,-3.901606382847379e-17,-8.10301807605587e-17,-5.0317509139130443e-17,-1.8621283034327623e-17,-9.673424691193485e-18
25.252525252525253,-1.1572183301393927e-18,2.382539762697649e-17,5.244864354754448e-18,2.691775455897505e-17,-2.7329695870880528e-17,-6.743206020985236e-17,6.523093022964755e-17,2.1205748228712882e-17,1.0310277969483654e-16,-8.186260236889922e-17,4.075644981397408e-17,-1.0232628689505785e-17,8.518488018245016e-17,1.5343998492229855e-17,-8.825235249957787e-18,3.8252492128236504e-17,2.779877274879512e-17,-2.6866270762709528e-17,3.7655418365230693e-17,4.0325104720629126e-17,2.6506779102950028e-17,4.271357874457127e-17,-7.797324746641669e-18,-8.29341173062779e-18,-1.7974236105916267e-17,5.626153718003217e-17,-3.405900920637614e-17,-1.5425269033517334e-17,2.7551721220212702e-17,-3.415721014834619e-17,-2.608323279210643e-17,3.8362464791088705e-17,6.480482188672172e-17,8.75817887017484e-17,-6.224212060803612e-17,2.89876872959126e-17,-1.4662007689275874e-17,-7.551596174599715e-17,-4.139205389567798e-17,-1.0735990880264621e-17,-1.1452508447028013e-17,5.817128787521392e-17
30.3030303030303,7.176292516090461e-17,-5.1531806501148484e-18,-3.2086172059390634e-17,2.8914265402833677e-17,-4.3918303180198943e-17,9.452457811709467e-17,5.58578459726978e-17,3.530877451132768e-17,5.1852778147135646e-17,-3.3261247286013524e-17,1.3389376631972625e-18,5.68846548588317e-17,-6.847856499869706e-18,-3.268830761543159e-17,-1.0757529644114e-17,4.0640756783293446e-17,1.6990802265855954e-19,-7.346559429854907e-17,-1.5999976083058306e-17,-6.199108208073182e-18,1.896777993700434e-17,3.41533034295098e-17,-4.2735201112546084e-17,-7.873874520020151e-17,1.4742406964702216e-17,1.769326789059091e-17,-3.7136189099285915e-17,-2.696275829207206e-17,1.5445475855518642e-17,-1.0189382155071705e-16,-6.454419739387923e-17,7.713834802467175e-18,6.72096621949609e-17,6.69086673020747e-17,-8.584289629694775e-17,-4.6508453550852783e-17,1.1543329084645153e-16,-1.6057797933731994e-17,-3.3966682773638567e-17,-4.8779992009645715e-17,-4.174262933152567e-17,-5.5886271141051e-17
35.35353535353535,7.176292513884573e-17,-5.153180648092626e-18,-3.2086172050029345e-17,2.891426539429369e-17,-4.391830316561614e-17,9.452457809065339e-17,5.585784595480993e-17,3.530877450090482e-17,5.185277813102293e-17,-3.3261247273886605e-17,1.3389376614340391e-18,5.688465484213429e-17,-6.8478564975229575e-18,-3.2688307604579214e-17,-1.0757529641880071e-17,4.0640756770389875e-17,1.69908022283817e-19,-7.346559427655546e-17,-1.599997607780696e-17,-6.199108207779643e-18,1.896777993094046e-17,3.4153303423571373e-17,-4.273520110215319e-17,-7.873874517937255e-17,1.474240696010897e-17,1.769326788871338e-17,-3.713618908860086e-17,-2.6962758279757593e-17,1.544547585332165e-17,-1.0189382151700532e-16,-6.454419737306431e-17,7.713834797977472e-18,6.720966217342157e-17,6.690866727949582e-17,-8.584289626877541e-17,-4.650845353911045e-17,1.1543329081253248e-16,-1.6057797927978733e-17,-3.3966682763092834e-17,-4.87799919973703e-17,-4.174262931654827e-17,-5.588627112726095e-17
40.4040404040404,-1.1572183293354054e-18,2.382539759851008e-17,5.2448643487157555e-18,2.691775452684071e-17,-2.7329695837899838e-17,-6.743206012953825e-17,6.523093015115213e-17,2.120574820329896e-17,1.0310277957100347e-16,-8.186260227077858e-17,4.07564497656575e-17,-1.0232628677155741e-17,8.518488008060441e-17,1.5343998473745442e-17,-8.825235239293338e-18,3.8252492082731766e-17,2.7798772715056415e-17,-2.686627073036579e-17,3.765541832040259e-17,4.0325104671655285e-17,2.6506779071548375e-17,4.271357869346869e-17,-7.797324737708499e-18,-8.293411720685246e-18,-1.7974236084511364e-17,5.626153711323076e-17,-3.4059009165710665e-17,-1.5425269015015476e-17,2.755172118743778e-17,-3.4157210107498014e-17,-2.6083232760647082e-17,3.836246474546918e-17,6.480482180868474e-17,8.758178859658244e-17,-6.224212053347355e-17,2.8987687260932634e-17,-1.466200767223455e-17,-7.551596165587206e-17,-4.1392053845950624e-17,-1.0735990867336199e-17,-1.1452508433243411e-17,5.817128780523242e-17
45.45454545454545,-1.1572183221591778e-18,2.382539758474917e-17,5.244864343124103e-18,2.6917754510992335e-17,-2.7329695825796764e-17,-6.743206008774333e-17,6.523093011975205e-17,2.1205748191922108e-17,1.0310277951872642e-16,-8.186260222700348e-17,4.075644973785597e-17,-1.0232628672642197e-17,8.518488003216286e-17,1.534399846658722e-17,-8.82523523554708e-18,3.825249205839937e-17,2.779877270490433e-17,-2.6866270717594055e-17,3.7655418296828453e-17,4.0325104657291047e-17,2.6506779053219556e-17,4.271357866957116e-17,-7.797324728897317e-18,-8.293411716273482e-18,-1.797423607333611e-17,5.6261537076018e-17,-3.4059009145724344e-17,-1.5425269006914405e-17,2.7551721169908792e-17,-3.4157210088190224e-17,-2.6083232748903146e-17,3.836246472088648e-17,6.480482177810061e-17,8.758178855188941e-17,-6.224212049973012e-17,2.8987687248078e-17,-1.4662007658404524e-17,-7.551596161112215e-17,-4.1392053825107785e-17,-1.0735990862272843e-17,-1.1452508427767236e-17,5.81712877770201e-17
50.505050505050505,-1.15721831498295e-18,2.3825397570988262e-17,5.244864337532448e-18,2.6917754495143953e-17,-2.7329695813693696e-17,-6.743206004594838e-17,6.523093008835196e-17,2.1205748180545248e-17,1.0310277946644938e-16,-8.186260218322842e-17,4.075644971005442e-17,-1.0232628668128652e-17,8.518487998372132e-17,1.5343998459428997e-17,-8.82523523180082e-18,3.825249203406696e-17,2.7798772694752226e-17,-2.686627070482233e-17,3.7655418273254307e-17,4.0325104642926814e-17,2.650677903489073e-17,4.2713578645673636e-17,-7.797324720086133e-18,-8.29341171186172e-18,-1.7974236062160855e-17,5.626153703880522e-17,-3.405900912573802e-17,-1.542526899881333e-17,2.7551721152379807e-17,-3.415721006888243e-17,-2.608323273715921e-17,3.8362464696303776e-17,6.480482174751652e-17,8.758178850719639e-17,-6.224212046598668e-17,2.898768723522335e-17,-1.4662007644574498e-17,-7.551596156637223e-17,-4.1392053804264964e-17,-1.0735990857209488e-17,-1.1452508422291059e-17,5.81712877488078e-17
55.55555555555555,7.383085928887749e-17,-2.733472212898886e-18,-3.581677351059454e-17,2.5038265677434337e-17,-6.320811064028807e-17,6.698432239754784e-17,4.8840706953272497e-17,6.663723816801433e-17,2.692981174589208e-17,-1.9618256029482542e-17,-1.1430768732730566e-17,2.855435285913135e-17,1.2723835870830359e-17,1.0854842281297198e-17,6.29489162092269e-17,7.449585682264416e-17,9.263275100143005e-18,-9.133947658144414e-17,-2.0048803088981166e-17,-5.330855470491293e-17,7.087883417605964e-17,9.028522076947226e-17,-2.4060533605423643e-17,-8.693555056705087e-17,-4.886834991724917e-17,9.424308460602724e-17,1.648641517619194e-17,2.9802416418664065e-17,1.2829184371752664e-16,2.3839529183117382e-17,-7.616449952232721e-17,-3.1447673396408844e-17,6.078496274078877e-18,4.178865199963288e-17,8.131737685589842e-18,-4.4046717011235516e-17,1.2517739060500683e-16,-1.1850493789535299e-17,-6.0375612943725055e-18,-3.289074880791789e-17,7.039639303018553e-17,1.9830774104650803e-17
60.6060606060606,-1.1572183088760419e-18,2.3825397555021945e-17,5.244864331918506e-18,2.691775447685841e-17,-2.732969579839527e-17,-6.743205999842641e-17,6.523093004977932e-17,2.1205748167048023e-17,1.0310277940331396e-16,-8.18626021312418e-17,4.0756449679250666e-17,-1.0232628662415467e-17,8.518487992725743e-17,1.5343998450542408e-17,-8.825235226993436e-18,3.825249200659842e-17,2.77987726809597e-17,-2.6866270689067405e-17,3.7655418246524575e-17,4.032510462321621e-17,2.650677901465409e-17,4.271357861768263e-17,-7.797324711331893e-18,-8.293411706613893e-18,-1.7974236049465306e-17,5.626153699723742e-17,-3.4059009102655915e-17,-1.5425268989138327e-17,2.755172113259259e-17,-3.415721004633685e-17,-2.6083232722400523e-17,3.836246466860853e-17,6.480482170969626e-17,8.758178845333125e-17,-6.224212042608304e-17,2.898768721898264e-17,-1.4662007630356516e-17,-7.551596151483715e-17,-4.139205377903677e-17,-1.073599085094673e-17,-1.1452508415548973e-17,5.817128771423725e-17
65.65656565656565,7.383085924078291e-17,-2.733472209005284e-18,-3.5816773486238326e-17,2.503826566016453e-17,-6.320811059838996e-17,6.698432234980688e-17,4.884070692295374e-17,6.66372381220963e-17,2.692981173177454e-17,-1.9618256016169645e-17,-1.1430768726423076e-17,2.855435283670761e-17,1.2723835864210777e-17,1.085484227263246e-17,6.294891616242466e-17,7.44958567715806e-17,9.26327509934174e-18,-9.13394765223977e-17,-2.00488030749795e-17,-5.330855466376753e-17,7.087883412455903e-17,9.028522071146515e-17,-2.4060533588927714e-17,-8.693555051018852e-17,-4.886834988432053e-17,9.424308454294665e-17,1.6486415163193772e-17,2.9802416401173724e-17,1.2829184363115194e-16,2.3839529166390505e-17,-7.61644994718282e-17,-3.144767337497889e-17,6.078496274932518e-18,4.1788651972552764e-17,8.131737678269512e-18,-4.4046716979272246e-17,1.2517739051948208e-16,-1.1850493783628168e-17,-6.037561292275117e-18,-3.289074878649256e-17,7.039639298317402e-17,1.983077409423514e-17
70.7070707070707,-1.1572183027691335e-18,2.3825397539055628e-17,5.244864326304564e-18,2.6917754458572866e-17,-2.7329695783096845e-17,-6.743205995090446e-17,6.523093001120669e-17,2.1205748153550798e-17,1.0310277934017855e-16,-8.18626020792552e-17,4.075644964844688e-17,-1.0232628656702279e-17,8.518487987079351e-17,1.5343998441655816e-17,-8.825235222186051e-18,3.8252491979129874e-17,2.779877266716717e-17,-2.686627067331248e-17,3.7655418219794824e-17,4.032510460350562e-17,2.650677899441745e-17,4.271357858969163e-17,-7.797324702577652e-18,-8.293411701366062e-18,-1.7974236036769758e-17,5.62615369556696e-17,-3.405900907957381e-17,-1.542526897946332e-17,2.755172111280537e-17,-3.4157210023791275e-17,-2.6083232707641835e-17,3.8362464640913255e-17,6.480482167187602e-17,8.758178839946609e-17,-6.224212038617939e-17,2.898768720274192e-17,-1.4662007616138533e-17,-7.551596146330205e-17,-4.139205375380857e-17,-1.073599084468397e-17,-1.1452508408806884e-17,5.817128767966668e-17
75.75757575757575,-1.157218295592906e-18,2.3825397525294714e-17,5.24486432071291e-18,2.691775444272449e-17,-2.7329695770993777e-17,-6.743205990910951e-17,6.523092997980661e-17,2.1205748142173938e-17,1.031027792879015e-16,-8.186260203548011e-17,4.075644962064535e-17,-1.0232628652188734e-17,8.518487982235198e-17,1.5343998434497597e-17,-8.825235218439792e-18,3.825249195479747e-17,2.779877265701508e-17,-2.686627066054075e-17,3.765541819622069e-17,4.032510458914139e-17,2.650677897608863e-17,4.2713578565794105e-17,-7.79732469376647e-18,-8.293411696954299e-18,-1.7974236025594502e-17,5.626153691845683e-17,-3.4059009059587493e-17,-1.5425268971362246e-17,2.755172109527638e-17,-3.415721000448347e-17,-2.6083232695897903e-17,3.836246461633056e-17,6.48048216412919e-17,8.758178835477308e-17,-6.224212035243596e-17,2.898768718988728e-17,-1.466200760230851e-17,-7.551596141855216e-17,-4.1392053732965744e-17,-1.0735990839620617e-17,-1.1452508403330708e-17,5.817128765145439e-17
80.8080808080808,-1.1572182884166783e-18,2.3825397511533803e-17,5.244864315121256e-18,2.691775442687611e-17,-2.7329695758890703e-17,-6.743205986731459e-17,6.523092994840653e-17,2.120574813079708e-17,1.0310277923562447e-16,-8.186260199170503e-17,4.075644959284382e-17,-1.023262864767519e-17,8.518487977391043e-17,1.5343998427339374e-17,-8.825235214693532e-18,3.825249193046507e-17,2.779877264686298e-17,-2.686627064776902e-17,3.765541817264656e-17,4.032510457477716e-17,2.650677895775981e-17,4.2713578541896575e-17,-7.797324684955287e-18,-8.293411692542537e-18,-1.7974236014419248e-17,5.626153688124406e-17,-3.4059009039601166e-17,-1.5425268963261172e-17,2.7551721077747393e-17,-3.415720998517568e-17,-2.608323268415397e-17,3.836246459174786e-17,6.480482161070781e-17,8.758178831008004e-17,-6.224212031869252e-17,2.898768717703263e-17,-1.4662007588478485e-17,-7.551596137380223e-17,-4.139205371212292e-17,-1.073599083455726e-17,-1.1452508397854533e-17,5.817128762324208e-17
85.85858585858585,-1.1572182812404505e-18,2.382539749777289e-17,5.244864309529602e-18,2.691775441102773e-17,-2.7329695746787632e-17,-6.743205982551965e-17,6.523092991700645e-17,2.1205748119420225e-17,1.0310277918334742e-16,-8.186260194792994e-17,4.075644956504228e-17,-1.0232628643161648e-17,8.518487972546888e-17,1.5343998420181152e-17,-8.825235210947274e-18,3.825249190613267e-17,2.7798772636710885e-17,-2.686627063499729e-17,3.765541814907242e-17,4.032510456041292e-17,2.6506778939430986e-17,4.2713578517999044e-17,-7.797324676144103e-18,-8.293411688130774e-18,-1.797423600324399e-17,5.62615368440313e-17,-3.4059009019614845e-17,-1.54252689551601e-17,2.7551721060218408e-17,-3.415720996586789e-17,-2.6083232672410032e-17,3.8362464567165157e-17,6.480482158012369e-17,8.758178826538701e-17,-6.22421202849491e-17,2.898768716417799e-17,-1.4662007574648456e-17,-7.551596132905234e-17,-4.139205369128009e-17,-1.0735990829493905e-17,-1.1452508392378358e-17,5.817128759502978e-17
90.9090909090909,-1.1572182740642231e-18,2.382539748401198e-17,5.244864303937949e-18,2.691775439517935e-17,-2.732969573468456e-17,-6.743205978372473e-17,6.523092988560636e-17,2.120574810804337e-17,1.0310277913107036e-16,-8.186260190415487e-17,4.075644953724074e-17,-1.0232628638648103e-17,8.518487967702734e-17,1.534399841302293e-17,-8.825235207201014e-18,3.825249188180025e-17,2.779877262655879e-17,-2.6866270622225563e-17,3.765541812549828e-17,4.032510454604869e-17,2.6506778921102158e-17,4.271357849410151e-17,-7.797324667332921e-18,-8.29341168371901e-18,-1.7974235992068733e-17,5.626153680681853e-17,-3.4059008999628524e-17,-1.5425268947059032e-17,2.755172104268942e-17,-3.415720994656009e-17,-2.6083232660666096e-17,3.836246454258245e-17,6.480482154953959e-17,8.758178822069399e-17,-6.224212025120568e-17,2.8987687151323345e-17,-1.4662007560818433e-17,-7.551596128430243e-17,-4.139205367043727e-17,-1.0735990824430549e-17,-1.1452508386902181e-17,5.817128756681747e-17
95.95959595959596,-1.1572182668879957e-18,2.382539747025107e-17,5.244864298346294e-18,2.691775437933097e-17,-2.732969572258149e-17,-6.743205974192978e-17,6.523092985420628e-17,2.120574809666651e-17,1.0310277907879332e-16,-8.186260186037977e-17,4.0756449509439204e-17,-1.0232628634134558e-17,8.518487962858579e-17,1.5343998405864704e-17,-8.825235203454755e-18,3.825249185746785e-17,2.7798772616406696e-17,-2.6866270609453825e-17,3.765541810192414e-17,4.0325104531684453e-17,2.6506778902773335e-17,4.271357847020399e-17,-7.797324658521738e-18,-8.293411679307248e-18,-1.7974235980893476e-17,5.626153676960576e-17,-3.40590089796422e-17,-1.5425268938957957e-17,2.755172102516043e-17,-3.4157209927252295e-17,-2.6083232648922163e-17,3.836246451799975e-17,6.480482151895548e-17,8.758178817600095e-17,-6.224212021746224e-17,2.89876871384687e-17,-1.4662007546988407e-17,-7.551596123955253e-17,-4.1392053649594437e-17,-1.0735990819367191e-17,-1.1452508381426006e-17,5.817128753860517e-17
101.01010101010101,-1.157218259711768e-18,2.3825397456490158e-17,5.2448642927546416e-18,2.6917754363482587e-17,-2.732969571047842e-17,-6.743205970013486e-17,6.523092982280622e-17,2.1205748085289653e-17,1.0310277902651629e-16,-8.186260181660468e-17,4.075644948163767e-17,-1.0232628629621015e-17,8.518487958014426e-17,1.5343998398706484e-17,-8.825235199708496e-18,3.8252491833135454e-17,2.77987726062546e-17,-2.6866270596682102e-17,3.7655418078350005e-17,4.0325104517320214e-17,2.6506778884444515e-17,4.2713578446306453e-17,-7.797324649710556e-18,-8.293411674895483e-18,-1.7974235969718223e-17,5.6261536732393e-17,-3.405900895965588e-17,-1.5425268930856883e-17,2.7551721007631442e-17,-3.4157209907944505e-17,-2.6083232637178228e-17,3.8362464493417047e-17,6.480482148837136e-17,8.758178813130794e-17,-6.224212018371882e-17,2.898768712561406e-17,-1.466200753315838e-17,-7.551596119480262e-17,-4.1392053628751616e-17,-1.0735990814303836e-17,-1.1452508375949829e-17,5.817128751039287e-17
106.06060606060605,5.531574611630216e-17,-1.8188710086019597e-17,3.364209960907987e-18,1.2724603735989595e-17,-1.8035464648934134e-17,2.8846629126025754e-17,1.2113057444141625e-16,8.228699200602428e-17,8.636844472541528e-17,-2.2449241601709155e-17,-5.545737288899961e-17,4.519533718296604e-17,7.50870160393731e-17,7.667022612576337e-17,4.2332801751068075e-17,6.686650402873944e-17,2.254138496334152e-18,-5.1964061852544107e-17,-1.0991567257840977e-17,4.574984458187914e-17,5.4114634874496036e-17,3.565835100730717e-17,4.604897806737367e-18,-3.5222831703388854e-17,8.967938454758529e-18,7.002742629345733e-17,-2.6825595653296528e-17,-3.9283167356537845e-17,5.090672670755654e-17,-2.819512861847391e-17,-6.016291337368537e-17,-5.360698504663027e-17,1.8989357222315122e-17,8.738667386883328e-17,-3.10314803691092e-18,-1.8574630835628765e-17,7.194650780687636e-17,-5.4268061349169716e-17,-4.821852463028336e-17,-8.245049013236822e-17,-2.051666362950464e-17,-5.93587687170352e-18
111.1111111111111,-1.157218245679812e-18,2.3825397431555507e-17,5.244864282217583e-18,2.6917754334717822e-17,-2.732969568912975e-17,-6.74320596239526e-17,6.523092976690153e-17,2.120574806481257e-17,1.031027789329403e-16,-8.186260173783892e-17,4.075644943058788e-17,-1.0232628621663267e-17,8.518487949248856e-17,1.5343998386005207e-17,-8.825235193133854e-18,3.825249178869147e-17,2.7798772588792294e-17,-2.686627057397382e-17,3.765541803534535e-17,4.0325104492703354e-17,2.6506778850755597e-17,4.271357840312648e-17,-7.797324633063858e-18,-8.293411666961203e-18,-1.7974235949343277e-17,5.626153666421807e-17,-3.4059008923391083e-17,-1.5425268916305558e-17,2.7551720975613658e-17,-3.415720987302543e-17,-2.608323261642328e-17,3.836246444849e-17,6.480482143403528e-17,8.758178805125589e-17,-6.224212012292473e-17,2.8987687102936115e-17,-1.4662007507250984e-17,-7.551596111353693e-17,-4.139205359146894e-17,-1.0735990805308878e-17,-1.1452508366207005e-17,5.817128746012377e-17
116.16161616161615,-1.157218238503584e-18,2.3825397417794595e-17,5.2448642766259274e-18,2.691775431886944e-17,-2.7329695677026678e-17,-6.743205958215766e-17,6.523092973550144e-17,2.120574805343571e-17,1.0310277888066325e-16,-8.186260169406382e-17,4.0756449402786344e-17,-1.0232628617149719e-17,8.5184879444047e-17,1.5343998378846985e-17,-8.825235189387595e-18,3.825249176435906e-17,2.7798772578640196e-17,-2.686627056120209e-17,3.765541801177121e-17,4.032510447833912e-17,2.6506778832426775e-17,4.271357837922896e-17,-7.797324624252674e-18,-8.29341166254944e-18,-1.7974235938168018e-17,5.626153662700531e-17,-3.405900890340476e-17,-1.5425268908204483e-17,2.755172095808467e-17,-3.415720985371762e-17,-2.6083232604679337e-17,3.83624644239073e-17,6.480482140345117e-17,8.758178800656285e-17,-6.22421200891813e-17,2.898768709008147e-17,-1.4662007493420958e-17,-7.551596106878702e-17,-4.139205357062611e-17,-1.0735990800245522e-17,-1.145250836073083e-17,5.817128743191146e-17
121.2121212121212,-1.1572182313273568e-18,2.3825397404033678e-17,5.244864271034274e-18,2.6917754303021058e-17,-2.7329695664923604e-17,-6.743205954036273e-17,6.523092970410136e-17,2.1205748042058855e-17,1.031027788283862e-16,-8.186260165028873e-17,4.07564493749848e-17,-1.0232628612636176e-17,8.518487939560547e-17,1.5343998371688763e-17,-8.825235185641335e-18,3.825249174002665e-17,2.77987725684881e-17,-2.6866270548430356e-17,3.7655417988197064e-17,4.032510446397488e-17,2.6506778814097952e-17,4.2713578355331414e-17,-7.797324615441492e-18,-8.293411658137679e-18,-1.7974235926992762e-17,5.626153658979254e-17,-3.4059008883418435e-17,-1.5425268900103412e-17,2.755172094055568e-17,-3.415720983440983e-17,-2.6083232592935405e-17,3.8362464399324596e-17,6.480482137286704e-17,8.758178796186981e-17,-6.224212005543787e-17,2.8987687077226824e-17,-1.4662007479590932e-17,-7.551596102403711e-17,-4.139205354978328e-17,-1.0735990795182164e-17,-1.1452508355254653e-17,5.817128740369915e-17
126.26262626262626,-1.157218224151129e-18,2.382539739027277e-17,5.2448642654426215e-18,2.6917754287172676e-17,-2.732969565282053e-17,-6.743205949856779e-17,6.523092967270127e-17,2.1205748030681995e-17,1.0310277877610913e-16,-8.186260160651364e-17,4.075644934718327e-17,-1.0232628608122631e-17,8.518487934716392e-17,1.534399836453054e-17,-8.825235181895077e-18,3.8252491715694255e-17,2.7798772558336e-17,-2.686627053565863e-17,3.765541796462293e-17,4.0325104449610644e-17,2.650677879576913e-17,4.2713578331433884e-17,-7.797324606630309e-18,-8.293411653725912e-18,-1.7974235915817502e-17,5.626153655257977e-17,-3.405900886343211e-17,-1.5425268892002337e-17,2.7551720923026692e-17,-3.4157209815102036e-17,-2.6083232581191463e-17,3.836246437474189e-17,6.480482134228293e-17,8.758178791717678e-17,-6.224212002169444e-17,2.898768706437218e-17,-1.4662007465760906e-17,-7.551596097928719e-17,-4.1392053528940454e-17,-1.073599079011881e-17,-1.1452508349778478e-17,5.817128737548684e-17
131.3131313131313,5.531574597920157e-17,-1.818871004152968e-17,3.3642099485606483e-18,1.2724603698112086e-17,-1.8035464599988072e-17,2.8846629069166497e-17,1.211305741221391e-16,8.228699177532533e-17,8.636844450682738e-17,-2.2449241534575678e-17,-5.545737276150624e-17,4.519533706394375e-17,7.508701583270593e-17,7.667022591672546e-17,4.233280160645311e-17,6.686650382722907e-17,2.2541385096338443e-18,-5.1964061719531015e-17,-1.0991567242383126e-17,4.5749844469576966e-17,5.4114634693759793e-17,3.565835093668068e-17,4.604897790006314e-18,-3.5222831635978816e-17,8.967938428059744e-18,7.002742610598578e-17,-2.68255955855839e-17,-3.92831672231809e-17,5.0906726571555466e-17,-2.819512853542177e-17,-6.016291321324183e-17,-5.360698491822043e-17,1.89893571917554e-17,8.738667362672676e-17,-3.103148026551047e-18,-1.8574630798843657e-17,7.194650763588406e-17,-5.4268061194097695e-17,-4.821852449938984e-17,-8.24504899275303e-17,-2.0516663564351833e-17,-5.935876862074814e-18
136.36363636363635,-1.1572182101191734e-18,2.3825397365338112e-17,5.2448642549055614e-18,2.691775425840791e-17,-2.732969563147186e-17,-6.743205942238555e-17,6.52309296167966e-17,2.120574801020491e-17,1.0310277868253316e-16,-8.186260152774787e-17,4.075644929613348e-17,-1.0232628600164881e-17,8.518487925950823e-17,1.5343998351829263e-17,-8.825235175320435e-18,3.8252491671250263e-17,2.7798772540873696e-17,-2.686627051295035e-17,3.7655417921618276e-17,4.032510442499378e-17,2.650677876208021e-17,4.271357828825391e-17,-7.797324589983614e-18,-8.293411645791634e-18,-1.797423589544256e-17,5.626153648440486e-17,-3.405900882716732e-17,-1.542526887745101e-17,2.7551720891008902e-17,-3.415720978018294e-17,-2.608323256043652e-17,3.836246432981484e-17,6.480482128794684e-17,8.758178783712473e-17,-6.224211996090035e-17,2.8987687041694236e-17,-1.466200743985351e-17,-7.551596089802151e-17,-4.139205349165778e-17,-1.0735990781123852e-17,-1.1452508340035654e-17,5.817128732521775e-17
141.4141414141414,-1.1572182029429456e-18,2.38253973515772e-17,5.244864249313908e-18,2.6917754242559528e-17,-2.7329695619368788e-17,-6.743205938059062e-17,6.523092958539653e-17,2.1205747998828054e-17,1.031027786302561e-16,-8.186260148397278e-17,4.0756449268331936e-17,-1.0232628595651338e-17,8.518487921106669e-17,1.534399834467104e-17,-8.825235171574174e-18,3.825249164691786e-17,2.77987725307216e-17,-2.6866270500178615e-17,3.7655417898044136e-17,4.0325104410629544e-17,2.650677874375139e-17,4.271357826435638e-17,-7.797324581172429e-18,-8.293411641379871e-18,-1.79742358842673e-17,5.626153644719209e-17,-3.4059008807181e-17,-1.5425268869349937e-17,2.7551720873479917e-17,-3.415720976087515e-17,-2.608323254869258e-17,3.836246430523214e-17,6.480482125736275e-17,8.758178779243171e-17,-6.224211992715692e-17,2.898768702883959e-17,-1.4662007426023484e-17,-7.55159608532716e-17,-4.139205347081496e-17,-1.0735990776060495e-17,-1.1452508334559479e-17,5.817128729700544e-17
146.46464646464645,-1.157218195766718e-18,2.382539733781629e-17,5.244864243722254e-18,2.6917754226711146e-17,-2.7329695607265718e-17,-6.743205933879568e-17,6.523092955399644e-17,2.1205747987451197e-17,1.0310277857797905e-16,-8.186260144019768e-17,4.0756449240530407e-17,-1.0232628591137793e-17,8.518487916262514e-17,1.5343998337512818e-17,-8.825235167827917e-18,3.825249162258546e-17,2.77987725205695e-17,-2.6866270487406886e-17,3.7655417874469995e-17,4.032510439626531e-17,2.6506778725422563e-17,4.271357824045885e-17,-7.797324572361247e-18,-8.293411636968108e-18,-1.7974235873092047e-17,5.626153640997932e-17,-3.4059008787194673e-17,-1.5425268861248863e-17,2.7551720855950928e-17,-3.415720974156736e-17,-2.608323253694865e-17,3.8362464280649434e-17,6.480482122677863e-17,8.758178774773868e-17,-6.224211989341349e-17,2.898768701598495e-17,-1.4662007412193458e-17,-7.551596080852169e-17,-4.1392053449972124e-17,-1.0735990770997138e-17,-1.14525083290833e-17,5.817128726879315e-17
151.5151515151515,-1.1572181885904906e-18,2.3825397324055382e-17,5.2448642381306014e-18,2.6917754210862768e-17,-2.7329695595162644e-17,-6.743205929700074e-17,6.523092952259636e-17,2.1205747976074338e-17,1.0310277852570203e-16,-8.186260139642262e-17,4.0756449212728865e-17,-1.023262858662425e-17,8.518487911418361e-17,1.53439983303546e-17,-8.825235164081658e-18,3.825249159825305e-17,2.7798772510417403e-17,-2.6866270474635154e-17,3.765541785089587e-17,4.0325104381901085e-17,2.6506778707093743e-17,4.271357821656132e-17,-7.797324563550065e-18,-8.293411632556345e-18,-1.7974235861916788e-17,5.626153637276656e-17,-3.405900876720835e-17,-1.542526885314779e-17,2.755172083842194e-17,-3.4157209722259566e-17,-2.6083232525204713e-17,3.836246425606674e-17,6.480482119619453e-17,8.758178770304564e-17,-6.224211985967007e-17,2.89876870031303e-17,-1.4662007398363435e-17,-7.551596076377178e-17,-4.1392053429129304e-17,-1.0735990765933782e-17,-1.1452508323607126e-17,5.817128724058084e-17
156.56565656565655,-1.157218181414263e-18,2.382539731029447e-17,5.244864232538948e-18,2.6917754195014392e-17,-2.732969558305958e-17,-6.743205925520582e-17,6.523092949119628e-17,2.1205747964697485e-17,1.0310277847342498e-16,-8.186260135264753e-17,4.0756449184927336e-17,-1.0232628582110706e-17,8.518487906574207e-17,1.5343998323196376e-17,-8.825235160335401e-18,3.825249157392066e-17,2.779877250026531e-17,-2.6866270461863428e-17,3.765541782732173e-17,4.0325104367536846e-17,2.6506778688764924e-17,4.2713578192663797e-17,-7.797324554738881e-18,-8.293411628144581e-18,-1.7974235850741537e-17,5.626153633555381e-17,-3.405900874722204e-17,-1.542526884504672e-17,2.7551720820892957e-17,-3.415720970295177e-17,-2.6083232513460778e-17,3.836246423148404e-17,6.480482116561042e-17,8.758178765835263e-17,-6.224211982592665e-17,2.8987686990275666e-17,-1.4662007384533412e-17,-7.551596071902187e-17,-4.139205340828648e-17,-1.073599076087043e-17,-1.145250831813095e-17,5.817128721236854e-17
161.6161616161616,-1.1572181742380356e-18,2.3825397296533563e-17,5.244864226947293e-18,2.691775417916601e-17,-2.7329695570956506e-17,-6.743205921341088e-17,6.523092945979622e-17,2.1205747953320625e-17,1.0310277842114794e-16,-8.186260130887246e-17,4.0756449157125795e-17,-1.0232628577597161e-17,8.518487901730052e-17,1.5343998316038154e-17,-8.82523515658914e-18,3.8252491549588246e-17,2.779877249011321e-17,-2.6866270449091696e-17,3.765541780374759e-17,4.032510435317261e-17,2.6506778670436095e-17,4.271357816876626e-17,-7.7973245459277e-18,-8.29341162373282e-18,-1.7974235839566278e-17,5.626153629834102e-17,-3.4059008727235716e-17,-1.5425268836945645e-17,2.755172080336397e-17,-3.4157209683643974e-17,-2.6083232501716842e-17,3.8362464206901336e-17,6.48048211350263e-17,8.75817876136596e-17,-6.224211979218322e-17,2.898768697742102e-17,-1.4662007370703383e-17,-7.551596067427197e-17,-4.1392053387443656e-17,-1.0735990755807072e-17,-1.1452508312654774e-17,5.817128718415623e-17
166.66666666666666,-1.157218167061808e-18,2.3825397282772648e-17,5.24486422135564e-18,2.691775416331763e-17,-2.7329695558853435e-17,-6.743205917161596e-17,6.523092942839613e-17,2.120574794194377e-17,1.0310277836887088e-16,-8.186260126509737e-17,4.075644912932426e-17,-1.0232628573083618e-17,8.518487896885896e-17,1.534399830887993e-17,-8.825235152842879e-18,3.825249152525585e-17,2.7798772479961123e-17,-2.6866270436319964e-17,3.765541778017346e-17,4.032510433880838e-17,2.6506778652107276e-17,4.271357814486873e-17,-7.797324537116515e-18,-8.293411619321055e-18,-1.7974235828391022e-17,5.626153626112826e-17,-3.405900870724939e-17,-1.5425268828844574e-17,2.755172078583498e-17,-3.4157209664336184e-17,-2.6083232489972906e-17,3.8362464182318625e-17,6.480482110444219e-17,8.758178756896656e-17,-6.22421197584398e-17,2.8987686964566375e-17,-1.466200735687336e-17,-7.551596062952206e-17,-4.1392053366600824e-17,-1.0735990750743716e-17,-1.1452508307178602e-17,5.817128715594393e-17
171.7171717171717,-1.1572181598855806e-18,2.3825397269011734e-17,5.244864215763986e-18,2.691775414746925e-17,-2.7329695546750358e-17,-6.743205912982101e-17,6.523092939699604e-17,2.1205747930566912e-17,1.0310277831659383e-16,-8.186260122132227e-17,4.0756449101522724e-17,-1.0232628568570071e-17,8.518487892041742e-17,1.534399830172171e-17,-8.825235149096623e-18,3.825249150092344e-17,2.779877246980902e-17,-2.6866270423548235e-17,3.765541775659932e-17,4.0325104324444136e-17,2.650677863377845e-17,4.27135781209712e-17,-7.797324528305333e-18,-8.293411614909292e-18,-1.7974235817215766e-17,5.626153622391548e-17,-3.405900868726307e-17,-1.54252688207435e-17,2.7551720768305992e-17,-3.415720964502839e-17,-2.608323247822897e-17,3.836246415773593e-17,6.480482107385809e-17,8.758178752427354e-17,-6.224211972469636e-17,2.898768695171173e-17,-1.466200734304333e-17,-7.551596058477215e-17,-4.1392053345757997e-17,-1.0735990745680361e-17,-1.1452508301702422e-17,5.817128712773163e-17
176.76767676767676,-1.1572181527093528e-18,2.3825397255250823e-17,5.2448642101723325e-18,2.691775413162087e-17,-2.732969553464729e-17,-6.743205908802608e-17,6.523092936559597e-17,2.1205747919190053e-17,1.0310277826431681e-16,-8.18626011775472e-17,4.0756449073721195e-17,-1.023262856405653e-17,8.518487887197587e-17,1.534399829456349e-17,-8.825235145350362e-18,3.825249147659103e-17,2.779877245965693e-17,-2.6866270410776507e-17,3.7655417733025176e-17,4.0325104310079903e-17,2.650677861544963e-17,4.2713578097073675e-17,-7.797324519494151e-18,-8.29341161049753e-18,-1.797423580604051e-17,5.626153618670273e-17,-3.405900866727674e-17,-1.5425268812642428e-17,2.7551720750777003e-17,-3.41572096257206e-17,-2.6083232466485038e-17,3.8362464133153226e-17,6.480482104327397e-17,8.758178747958052e-17,-6.224211969095294e-17,2.898768693885709e-17,-1.466200732921331e-17,-7.551596054002223e-17,-4.139205332491517e-17,-1.0735990740617002e-17,-1.1452508296226247e-17,5.817128709951932e-17
181.8181818181818,-1.1572181455331254e-18,2.3825397241489912e-17,5.244864204580679e-18,2.6917754115772488e-17,-2.7329695522544217e-17,-6.743205904623113e-17,6.52309293341959e-17,2.12057479078132e-17,1.0310277821203975e-16,-8.18626011337721e-17,4.0756449045919654e-17,-1.0232628559542984e-17,8.518487882353433e-17,1.5343998287405264e-17,-8.825235141604102e-18,3.825249145225863e-17,2.7798772449504825e-17,-2.686627039800477e-17,3.765541770945104e-17,4.0325104295715665e-17,2.6506778597120802e-17,4.271357807317614e-17,-7.797324510682967e-18,-8.293411606085767e-18,-1.7974235794865253e-17,5.626153614948996e-17,-3.405900864729042e-17,-1.5425268804541353e-17,2.7551720733248018e-17,-3.41572096064128e-17,-2.60832324547411e-17,3.836246410857053e-17,6.480482101268985e-17,8.758178743488748e-17,-6.224211965720952e-17,2.8987686926002435e-17,-1.4662007315383283e-17,-7.551596049527232e-17,-4.1392053304072343e-17,-1.0735990735553647e-17,-1.145250829075007e-17,5.817128707130702e-17
186.86868686868686,-1.157218138356898e-18,2.3825397227729e-17,5.244864198989025e-18,2.691775409992411e-17,-2.7329695510441146e-17,-6.743205900443619e-17,6.523092930279581e-17,2.1205747896436337e-17,1.031027781597627e-16,-8.186260108999702e-17,4.075644901811811e-17,-1.023262855502944e-17,8.518487877509277e-17,1.5343998280247045e-17,-8.825235137857845e-18,3.825249142792623e-17,2.7798772439352733e-17,-2.6866270385233043e-17,3.7655417685876914e-17,4.032510428135143e-17,2.6506778578791982e-17,4.271357804927861e-17,-7.797324501871784e-18,-8.293411601674002e-18,-1.7974235783689997e-17,5.62615361122772e-17,-3.405900862730409e-17,-1.5425268796440282e-17,2.755172071571903e-17,-3.4157209587105007e-17,-2.6083232442997164e-17,3.8362464083987815e-17,6.480482098210575e-17,8.758178739019445e-17,-6.224211962346608e-17,2.89876869131478e-17,-1.466200730155326e-17,-7.551596045052241e-17,-4.1392053283229516e-17,-1.0735990730490291e-17,-1.1452508285273893e-17,5.817128704309472e-17
191.91919191919192,-1.1572181311806706e-18,2.3825397213968086e-17,5.244864193397372e-18,2.6917754084075727e-17,-2.7329695498338072e-17,-6.743205896264126e-17,6.523092927139572e-17,2.120574788505948e-17,1.0310277810748567e-16,-8.186260104622193e-17,4.0756448990316565e-17,-1.0232628550515896e-17,8.518487872665124e-17,1.5343998273088816e-17,-8.825235134111584e-18,3.8252491403593826e-17,2.7798772429200636e-17,-2.686627037246131e-17,3.7655417662302773e-17,4.0325104266987193e-17,2.6506778560463156e-17,4.2713578025381084e-17,-7.7973244930606e-18,-8.29341159726224e-18,-1.7974235772514737e-17,5.626153607506442e-17,-3.405900860731778e-17,-1.542526878833921e-17,2.7551720698190038e-17,-3.4157209567797205e-17,-2.6083232431253225e-17,3.8362464059405116e-17,6.480482095152163e-17,8.758178734550142e-17,-6.224211958972265e-17,2.898768690029315e-17,-1.4662007287723234e-17,-7.55159604057725e-17,-4.1392053262386683e-17,-1.0735990725426935e-17,-1.1452508279797718e-17,5.817128701488241e-17
196.96969696969697,-1.157218124004443e-18,2.3825397200207175e-17,5.244864187805718e-18,2.6917754068227345e-17,-2.7329695486235e-17,-6.743205892084633e-17,6.523092923999566e-17,2.1205747873682627e-17,1.0310277805520862e-16,-8.186260100244684e-17,4.0756448962515036e-17,-1.0232628546002353e-17,8.518487867820968e-17,1.5343998265930594e-17,-8.825235130365327e-18,3.825249137926142e-17,2.7798772419048544e-17,-2.6866270359689582e-17,3.765541763872864e-17,4.032510425262296e-17,2.650677854213433e-17,4.2713578001483554e-17,-7.797324484249417e-18,-8.293411592850478e-18,-1.7974235761339484e-17,5.626153603785166e-17,-3.405900858733145e-17,-1.5425268780238136e-17,2.7551720680661055e-17,-3.4157209548489415e-17,-2.6083232419509296e-17,3.836246403482242e-17,6.480482092093752e-17,8.758178730080839e-17,-6.224211955597923e-17,2.8987686887438513e-17,-1.4662007273893205e-17,-7.551596036102259e-17,-4.139205324154387e-17,-1.0735990720363579e-17,-1.1452508274321542e-17,5.817128698667011e-17
202.02020202020202,-1.1572181168282154e-18,2.3825397186446264e-17,5.244864182214064e-18,2.691775405237897e-17,-2.7329695474131928e-17,-6.743205887905139e-17,6.523092920859557e-17,2.1205747862305764e-17,1.0310277800293157e-16,-8.186260095867177e-17,4.0756448934713495e-17,-1.0232628541488806e-17,8.518487862976815e-17,1.5343998258772374e-17,-8.825235126619067e-18,3.825249135492901e-17,2.779877240889644e-17,-2.6866270346917853e-17,3.76554176151545e-17,4.032510423825873e-17,2.6506778523805508e-17,4.271357797758602e-17,-7.797324475438235e-18,-8.293411588438713e-18,-1.7974235750164225e-17,5.62615360006389e-17,-3.4059008567345123e-17,-1.5425268772137064e-17,2.7551720663132064e-17,-3.415720952918162e-17,-2.6083232407765354e-17,3.836246401023971e-17,6.48048208903534e-17,8.758178725611536e-17,-6.22421195222358e-17,2.8987686874583865e-17,-1.4662007260063182e-17,-7.551596031627268e-17,-4.139205322070103e-17,-1.0735990715300223e-17,-1.1452508268845364e-17,5.81712869584578e-17
207.07070707070704,2.4655488338435974e-17,-3.758375644223652e-17,1.902907526804412e-17,2.7019690463242352e-17,3.546877666981788e-17,2.4598826712433258e-17,6.201780444990975e-17,6.297512017763169e-17,3.364980982256014e-17,-1.744058251964984e-17,-2.7009982735805948e-17,4.6758780107014995e-17,4.1205154638091884e-17,4.457361404500536e-17,1.4115011738359304e-16,4.282376138983583e-17,-3.928030986198014e-17,-4.366861673634884e-17,1.9253345853413523e-17,-3.311495846702081e-18,9.745147763378707e-17,-5.301057941627936e-17,-8.853026691457374e-18,-3.5934970569985424e-17,-7.599624874065305e-18,8.582303518654805e-18,8.129639118929271e-17,-2.4543312177174287e-17,-3.777828568202493e-18,3.7708762451164666e-18,-6.713379868954582e-17,-3.306376000480013e-17,-2.735589662757081e-17,7.560255134413736e-17,-4.465493837013639e-18,-2.0025308545323733e-17,5.885694654192841e-17,-5.708240052846375e-17,-4.730767393059216e-17,-3.981714422338539e-17,-3.6548342089321453e-17,-2.806690802448018e-17
212.1212121212121,-1.1572181035240007e-18,2.3825397166679052e-17,5.244864173002268e-18,2.6917754029474418e-17,-2.7329695458441013e-17,-6.7432058817703e-17,6.523092916637895e-17,2.120574784636415e-17,1.0310277793118457e-16,-8.18626008974041e-17,4.07564488928155e-17,-1.0232628535648082e-17,8.518487856053243e-17,1.534399824927419e-17,-8.825235121859542e-18,3.825249131894554e-17,2.779877239703086e-17,-2.6866270329835412e-17,3.7655417580450566e-17,4.032510422173396e-17,2.6506778496086782e-17,4.27135779436135e-17,-7.797324460798256e-18,-8.293411582275461e-18,-1.7974235733745832e-17,5.626153594501202e-17,-3.405900853849038e-17,-1.5425268760872087e-17,2.755172063720829e-17,-3.4157209501640014e-17,-2.6083232392424256e-17,3.836246397381072e-17,6.480482084957123e-17,8.758178719462712e-17,-6.224211947477967e-17,2.8987686857908183e-17,-1.4662007237728582e-17,-7.551596025146859e-17,-4.1392053192171327e-17,-1.0735990708550444e-17,-1.1452508261503052e-17,5.81712869204108e-17
217.17171717171715,-1.1572180963477731e-18,2.382539715291814e-17,5.244864167410615e-18,2.691775401362604e-17,-2.7329695446337945e-17,-6.743205877590806e-17,6.523092913497887e-17,2.1205747834987286e-17,1.0310277787890754e-16,-8.186260085362902e-17,4.075644886501397e-17,-1.0232628531134539e-17,8.518487851209089e-17,1.534399824211597e-17,-8.825235118113283e-18,3.8252491294613135e-17,2.7798772386878766e-17,-2.6866270317063683e-17,3.765541755687644e-17,4.0325104207369727e-17,2.6506778477757962e-17,4.2713577919715976e-17,-7.797324451987075e-18,-8.293411577863698e-18,-1.7974235722570573e-17,5.626153590779927e-17,-3.405900851850406e-17,-1.5425268752771016e-17,2.7551720619679303e-17,-3.4157209482332224e-17,-2.6083232380680317e-17,3.836246394922802e-17,6.480482081898712e-17,8.758178714993411e-17,-6.224211944103625e-17,2.898768684505354e-17,-1.4662007223898557e-17,-7.551596020671866e-17,-4.13920531713285e-17,-1.0735990703487088e-17,-1.1452508256026875e-17,5.817128689219849e-17
222.2222222222222,-1.157218089171546e-18,2.3825397139157233e-17,5.244864161818961e-18,2.691775399777766e-17,-2.7329695434234874e-17,-6.743205873411313e-17,6.52309291035788e-17,2.1205747823610436e-17,1.031027778266305e-16,-8.186260080985394e-17,4.075644883721243e-17,-1.0232628526620997e-17,8.518487846364937e-17,1.5343998234957745e-17,-8.825235114367026e-18,3.8252491270280745e-17,2.779877237672667e-17,-2.6866270304291957e-17,3.76554175333023e-17,4.032510419300549e-17,2.6506778459429137e-17,4.2713577895818446e-17,-7.797324443175892e-18,-8.293411573451935e-18,-1.797423571139532e-17,5.626153587058651e-17,-3.4059008498517737e-17,-1.5425268744669944e-17,2.7551720602150318e-17,-3.415720946302443e-17,-2.6083232368936388e-17,3.836246392464531e-17,6.480482078840302e-17,8.758178710524106e-17,-6.224211940729282e-17,2.898768683219889e-17,-1.4662007210068534e-17,-7.551596016196877e-17,-4.1392053150485686e-17,-1.0735990698423732e-17,-1.1452508250550698e-17,5.817128686398619e-17
227.27272727272725,-1.1572180819953187e-18,2.382539712539632e-17,5.244864156227308e-18,2.691775398192928e-17,-2.7329695422131807e-17,-6.74320586923182e-17,6.523092907217874e-17,2.1205747812233576e-17,1.0310277777435345e-16,-8.186260076607886e-17,4.0756448809410896e-17,-1.023262852210745e-17,8.518487841520782e-17,1.5343998227799526e-17,-8.825235110620766e-18,3.8252491245948337e-17,2.779877236657457e-17,-2.6866270291520228e-17,3.7655417509728175e-17,4.032510417864125e-17,2.6506778441100317e-17,4.271357787192092e-17,-7.79732443436471e-18,-8.293411569040175e-18,-1.7974235700220064e-17,5.626153583337375e-17,-3.405900847853142e-17,-1.5425268736568873e-17,2.755172058462133e-17,-3.4157209443716644e-17,-2.6083232357192452e-17,3.8362463900062615e-17,6.48048207578189e-17,8.758178706054804e-17,-6.224211937354941e-17,2.8987686819344256e-17,-1.466200719623851e-17,-7.551596011721887e-17,-4.139205312964286e-17,-1.0735990693360377e-17,-1.1452508245074523e-17,5.81712868357739e-17
232.3232323232323,-1.1572180748190913e-18,2.3825397111635413e-17,5.244864150635654e-18,2.69177539660809e-17,-2.7329695410028733e-17,-6.743205865052326e-17,6.523092904077866e-17,2.120574780085672e-17,1.0310277772207641e-16,-8.186260072230379e-17,4.0756448781609373e-17,-1.0232628517593907e-17,8.518487836676629e-17,1.5343998220641306e-17,-8.82523510687451e-18,3.825249122161594e-17,2.7798772356422473e-17,-2.6866270278748496e-17,3.7655417486154034e-17,4.032510416427703e-17,2.6506778422771488e-17,4.271357784802339e-17,-7.797324425553527e-18,-8.29341156462841e-18,-1.797423568904481e-17,5.626153579616098e-17,-3.40590084585451e-17,-1.54252687284678e-17,2.7551720567092344e-17,-3.415720942440884e-17,-2.608323234544852e-17,3.836246387547991e-17,6.48048207272348e-17,8.758178701585502e-17,-6.224211933980597e-17,2.898768680648961e-17,-1.4662007182408485e-17,-7.551596007246896e-17,-4.139205310880003e-17,-1.0735990688297023e-17,-1.1452508239598349e-17,5.817128680756158e-17
237.37373737373736,-1.1572180676428637e-18,2.3825397097874496e-17,5.244864145044e-18,2.691775395023252e-17,-2.7329695397925662e-17,-6.743205860872833e-17,6.523092900937857e-17,2.1205747789479866e-17,1.0310277766979937e-16,-8.186260067852869e-17,4.0756448753807826e-17,-1.0232628513080364e-17,8.518487831832473e-17,1.5343998213483084e-17,-8.82523510312825e-18,3.825249119728353e-17,2.779877234627038e-17,-2.6866270265976767e-17,3.7655417462579894e-17,4.032510414991279e-17,2.6506778404442672e-17,4.2713577824125867e-17,-7.797324416742343e-18,-8.293411560216647e-18,-1.7974235677869554e-17,5.626153575894821e-17,-3.4059008438558773e-17,-1.5425268720366727e-17,2.7551720549563358e-17,-3.415720940510105e-17,-2.6083232333704584e-17,3.836246385089721e-17,6.480482069665069e-17,8.758178697116198e-17,-6.224211930606254e-17,2.898768679363497e-17,-1.466200716857846e-17,-7.551596002771904e-17,-4.1392053087957205e-17,-1.0735990683233663e-17,-1.1452508234122172e-17,5.817128677934928e-17
242.4242424242424,-1.1572180604666365e-18,2.3825397084113588e-17,5.244864139452347e-18,2.691775393438414e-17,-2.7329695385822592e-17,-6.743205856693339e-17,6.52309289779785e-17,2.1205747778103004e-17,1.0310277761752234e-16,-8.18626006347536e-17,4.075644872600629e-17,-1.023262850856682e-17,8.51848782698832e-17,1.534399820632486e-17,-8.825235099381991e-18,3.825249117295113e-17,2.7798772336118284e-17,-2.6866270253205038e-17,3.765541743900576e-17,4.032510413554855e-17,2.6506778386113846e-17,4.271357780022833e-17,-7.797324407931161e-18,-8.293411555804885e-18,-1.7974235666694298e-17,5.626153572173544e-17,-3.405900841857245e-17,-1.5425268712265655e-17,2.7551720532034373e-17,-3.415720938579326e-17,-2.608323232196065e-17,3.8362463826314505e-17,6.480482066606658e-17,8.758178692646897e-17,-6.224211927231913e-17,2.898768678078033e-17,-1.4662007154748433e-17,-7.551595998296914e-17,-4.139205306711438e-17,-1.0735990678170309e-17,-1.1452508228645998e-17,5.817128675113699e-17
247.47474747474746,-1.1572180532904091e-18,2.3825397070352673e-17,5.2448641338606934e-18,2.691775391853576e-17,-2.7329695373719518e-17,-6.743205852513846e-17,6.523092894657843e-17,2.120574776672615e-17,1.0310277756524529e-16,-8.186260059097854e-17,4.075644869820475e-17,-1.0232628504053276e-17,8.518487822144164e-17,1.5343998199166636e-17,-8.82523509563573e-18,3.825249114861873e-17,2.779877232596619e-17,-2.686627024043331e-17,3.765541741543162e-17,4.032510412118431e-17,2.6506778367785027e-17,4.2713577776330806e-17,-7.79732439911998e-18,-8.29341155139312e-18,-1.797423565551904e-17,5.626153568452268e-17,-3.4059008398586125e-17,-1.5425268704164584e-17,2.7551720514505387e-17,-3.415720936648546e-17,-2.6083232310216713e-17,3.8362463801731806e-17,6.480482063548247e-17,8.758178688177593e-17,-6.224211923857569e-17,2.898768676792568e-17,-1.466200714091841e-17,-7.551595993821922e-17,-4.139205304627155e-17,-1.0735990673106954e-17,-1.145250822316982e-17,5.81712867229247e-17
252.5252525252525,-1.1572180461141815e-18,2.3825397056591765e-17,5.24486412826904e-18,2.691775390268738e-17,-2.7329695361616447e-17,-6.743205848334351e-17,6.523092891517835e-17,2.1205747755349294e-17,1.0310277751296824e-16,-8.186260054720344e-17,4.0756448670403214e-17,-1.023262849953973e-17,8.518487817300011e-17,1.5343998192008413e-17,-8.825235091889472e-18,3.825249112428632e-17,2.7798772315814096e-17,-2.6866270227661577e-17,3.765541739185749e-17,4.0325104106820086e-17,2.65067783494562e-17,4.2713577752433276e-17,-7.797324390308795e-18,-8.293411546981359e-18,-1.7974235644343782e-17,5.626153564730992e-17,-3.405900837859981e-17,-1.5425268696063512e-17,2.7551720496976393e-17,-3.415720934717767e-17,-2.6083232298472777e-17,3.83624637771491e-17,6.480482060489836e-17,8.758178683708289e-17,-6.224211920483226e-17,2.8987686755071037e-17,-1.4662007127088384e-17,-7.551595989346932e-17,-4.1392053025428725e-17,-1.0735990668043597e-17,-1.1452508217693643e-17,5.817128669471238e-17
257.57575757575756,-1.1572180389379541e-18,2.3825397042830854e-17,5.244864122677387e-18,2.6917753886839e-17,-2.7329695349513376e-17,-6.743205844154859e-17,6.523092888377826e-17,2.1205747743972435e-17,1.0310277746069119e-16,-8.186260050342835e-17,4.0756448642601685e-17,-1.0232628495026187e-17,8.518487812455853e-17,1.534399818485019e-17,-8.825235088143213e-18,3.8252491099953923e-17,2.779877230566199e-17,-2.686627021488985e-17,3.765541736828335e-17,4.032510409245584e-17,2.6506778331127375e-17,4.271357772853574e-17,-7.797324381497613e-18,-8.293411542569596e-18,-1.7974235633168526e-17,5.626153561009714e-17,-3.4059008358613477e-17,-1.5425268687962438e-17,2.7551720479447407e-17,-3.4157209327869875e-17,-2.608323228672884e-17,3.83624637525664e-17,6.480482057431424e-17,8.758178679238987e-17,-6.224211917108885e-17,2.8987686742216394e-17,-1.466200711325836e-17,-7.55159598487194e-17,-4.13920530045859e-17,-1.073599066298024e-17,-1.1452508212217468e-17,5.817128666650008e-17
262.6262626262626,2.465548823767839e-17,-3.7583756204591114e-17,1.9029075151473812e-17,2.7019690307664375e-17,3.546877644486034e-17,2.4598826602735817e-17,6.201780414945313e-17,6.297511983149418e-17,3.3649809662977703e-17,-1.7440582378699283e-17,-2.7009982612630593e-17,4.6758779823908896e-17,4.120515440586811e-17,4.457361380649912e-17,1.4115011652804398e-16,4.2823761127191785e-17,-3.928030958405453e-17,-4.366861650936005e-17,1.9253345723794746e-17,-3.3114957827442994e-18,9.745147703151569e-17,-5.301057907960367e-17,-8.853026625707248e-18,-3.593497039396247e-17,-7.59962482403859e-18,8.582303480870291e-18,8.129639070958871e-17,-2.4543312010702203e-17,-3.777828542019518e-18,3.7708762231619144e-18,-6.713379830753422e-17,-3.3063759862628e-17,-2.7355896435406966e-17,7.560255089874998e-17,-4.465493794367258e-18,-2.0025308429791996e-17,5.88569462291797e-17,-5.70824001892592e-17,-4.730767367827207e-17,-3.9817144032179295e-17,-3.654834187721145e-17,-2.806690786306387e-17
267.67676767676767,-5.732665616637443e-17,1.5725406882915116e-17,2.9512185689736495e-17,3.81193392506948e-17,9.843111181653451e-17,-1.2505383486945097e-16,2.5187094450480003e-17,7.885932443925065e-17,1.5613244486601655e-16,-7.925641733702264e-17,-1.0193258098980154e-16,4.9838902124415706e-17,5.0518125894116266e-17,7.702581720853375e-17,-1.012589505073957e-16,-6.4384880236383285e-18,3.935246999914258e-17,-2.849000757034349e-17,4.3549679682701214e-17,1.2042881009489317e-16,-7.375483107863689e-17,-2.4548997544918145e-17,4.339224046758291e-17,-1.8853537242046048e-17,2.7046992744556855e-17,-2.0484695735091025e-17,-7.097016233175055e-18,-4.2802246083911274e-17,-1.1407103990456364e-16,-9.87461315418516e-17,3.541526271976374e-17,-1.340955805613985e-16,3.4524585706189624e-17,6.276906144214908e-17,-1.2312330643513226e-16,1.9054903541498912e-17,-1.0892255332557049e-16,4.4608346829585e-18,-3.940221650926669e-17,-2.5989710538922278e-17,-7.269003132992296e-17,2.5404394110486993e-17
272.7272727272727,2.465548823842124e-17,-3.758375619050346e-17,1.902907514502049e-17,2.7019690300301446e-17,3.5468776431441353e-17,2.4598826601816273e-17,6.201780414280882e-17,6.297511981731557e-17,3.364980965999555e-17,-1.744058236660807e-17,-2.7009982611127412e-17,4.675877980865527e-17,4.120515439555101e-17,4.45736137976385e-17,1.411501164818278e-16,4.282376111261291e-17,-3.928030956397976e-17,-4.3668616501887976e-17,1.9253345715151416e-17,-3.3114957737134995e-18,9.745147699750862e-17,-5.301057905946459e-17,-8.853026620619455e-18,-3.5934970389763204e-17,-7.599624820832626e-18,8.582303480637817e-18,8.129639068533417e-17,-2.4543311999459585e-17,-3.77782854018782e-18,3.7708762220905135e-18,-6.71337982900624e-17,-3.306375986234705e-17,-2.7355896421678247e-17,7.560255087632435e-17,-4.465493790084063e-18,-2.0025308424293935e-17,5.885694621787546e-17,-5.708240017179795e-17,-4.730767366901565e-17,-3.981714402822046e-17,-3.654834186695017e-17,-2.8066907855450254e-17
277.77777777777777,-5.732665613927723e-17,1.572540688120556e-17,2.9512185677168776e-17,3.8119339241554736e-17,9.843111178298094e-17,-1.250538348252888e-16,2.5187094453704377e-17,7.885932442040032e-17,1.5613244482108695e-16,-7.925641731517657e-17,-1.019325809603436e-16,4.9838902108067716e-17,5.051812587783534e-17,7.702581719177304e-17,-1.0125895046583018e-16,-6.4384880191176486e-18,3.935246999117006e-17,-2.8490007566279687e-17,4.3549679666111684e-17,1.204288100564871e-16,-7.375483104693365e-17,-2.4548997533748266e-17,4.339224045959681e-17,-1.8853537242906917e-17,2.7046992737627044e-17,-2.0484695730983208e-17,-7.09701622479068e-18,-4.2802246067478297e-17,-1.1407103986517128e-16,-9.874613150714384e-17,3.5415262703773034e-17,-1.3409558052097183e-16,3.452458569521388e-17,6.276906142769068e-17,-1.231233063923621e-16,1.9054903540141732e-17,-1.089225532816808e-16,4.460834681513555e-18,-3.94022165035647e-17,-2.5989710534715292e-17,-7.269003130111381e-17,2.540439410494681e-17
282.8282828282828,2.4655488239164087e-17,-3.758375617641579e-17,1.9029075138567173e-17,2.7019690292938505e-17,3.5468776418022355e-17,2.4598826600896723e-17,6.201780413616453e-17,6.297511980313694e-17,3.36498096570134e-17,-1.7440582354516854e-17,-2.7009982609624223e-17,4.6758779793401635e-17,4.1205154385233904e-17,4.4573613788777874e-17,1.4115011643561157e-16,4.282376109803402e-17,-3.9280309543904975e-17,-4.366861649441589e-17,1.9253345706508092e-17,-3.311495764682699e-18,9.745147696350156e-17,-5.3010579039325514e-17,-8.853026615531663e-18,-3.593497038556394e-17,-7.599624817626662e-18,8.58230348040534e-18,8.12963906610796e-17,-2.454331198821696e-17,-3.777828538356123e-18,3.770876221019113e-18,-6.713379827259059e-17,-3.306375986206611e-17,-2.7355896407949538e-17,7.560255085389875e-17,-4.465493785800869e-18,-2.0025308418795873e-17,5.88569462065712e-17,-5.708240015433669e-17,-4.730767365975922e-17,-3.9817144024261597e-17,-3.654834185668889e-17,-2.8066907847836625e-17
287.8787878787879,-5.732665611218001e-17,1.5725406879495995e-17,2.9512185664601057e-17,3.8119339232414685e-17,9.843111174942737e-17,-1.2505383478112665e-16,2.5187094456928756e-17,7.885932440154998e-17,1.5613244477615733e-16,-7.92564172933305e-17,-1.0193258093088568e-16,4.9838902091719726e-17,5.051812586155441e-17,7.702581717501231e-17,-1.0125895042426469e-16,-6.4384880145969695e-18,3.935246998319752e-17,-2.849000756221588e-17,4.3549679649522155e-17,1.2042881001808107e-16,-7.375483101523039e-17,-2.454899752257838e-17,4.3392240451610713e-17,-1.885353724376779e-17,2.704699273069723e-17,-2.0484695726875387e-17,-7.097016216406308e-18,-4.280224605104532e-17,-1.1407103982577892e-16,-9.874613147243605e-17,3.541526268778232e-17,-1.3409558048054513e-16,3.4524585684238146e-17,6.276906141323226e-17,-1.2312330634959193e-16,1.9054903538784552e-17,-1.0892255323779113e-16,4.46083468006861e-18,-3.9402216497862696e-17,-2.5989710530508306e-17,-7.269003127230463e-17,2.540439409940663e-17
292.9292929292929,2.4655488239906942e-17,-3.7583756162328113e-17,1.902907513211385e-17,2.7019690285575573e-17,3.5468776404603356e-17,2.459882659997717e-17,6.201780412952021e-17,6.297511978895833e-17,3.364980965403124e-17,-1.7440582342425638e-17,-2.7009982608121033e-17,4.675877977814801e-17,4.120515437491679e-17,4.457361377991725e-17,1.4115011638939534e-16,4.2823761083455124e-17,-3.9280309523830196e-17,-4.3668616486943826e-17,1.9253345697864762e-17,-3.3114957556518985e-18,9.74514769294945e-17,-5.301057901918643e-17,-8.85302661044387e-18,-3.5934970381364664e-17,-7.599624814420696e-18,8.582303480172867e-18,8.129639063682502e-17,-2.4543311976974326e-17,-3.777828536524425e-18,3.770876219947712e-18,-6.713379825511876e-17,-3.306375986178516e-17,-2.7355896394220822e-17,7.560255083147312e-17,-4.465493781517674e-18,-2.0025308413297815e-17,5.885694619526695e-17,-5.708240013687542e-17,-4.7307673650502797e-17,-3.9817144020302754e-17,-3.654834184642761e-17,-2.806690784022299e-17
297.979797979798,-5.732665608508281e-17,1.5725406877786435e-17,2.951218565203334e-17,3.811933922327464e-17,9.843111171587379e-17,-1.250538347369645e-16,2.5187094460153136e-17,7.885932438269964e-17,1.5613244473122768e-16,-7.925641727148443e-17,-1.0193258090142777e-16,4.983890207537174e-17,5.051812584527349e-17,7.702581715825161e-17,-1.0125895038269918e-16,-6.438488010076291e-18,3.9352469975225e-17,-2.8490007558152084e-17,4.354967963293263e-17,1.2042880997967506e-16,-7.375483098352716e-17,-2.4548997511408505e-17,4.339224044362461e-17,-1.8853537244628664e-17,2.7046992723767427e-17,-2.048469572276756e-17,-7.097016208021935e-18,-4.280224603461234e-17,-1.1407103978638658e-16,-9.874613143772832e-17,3.5415262671791614e-17,-1.3409558044011852e-16,3.4524585673262404e-17,6.276906139877387e-17,-1.2312330630682176e-16,1.9054903537427372e-17,-1.0892255319390146e-16,4.460834678623665e-18,-3.94022164921607e-17,-2.598971052630132e-17,-7.269003124349551e-17,2.5404394093866454e-17
303.030303030303,2.4655488240649793e-17,-3.758375614824046e-17,1.902907512566053e-17,2.7019690278212635e-17,3.5468776391184364e-17,2.459882659905763e-17,6.201780412287591e-17,6.297511977477971e-17,3.364980965104908e-17,-1.7440582330334428e-17,-2.7009982606617846e-17,4.675877976289438e-17,4.120515436459969e-17,4.457361377105663e-17,1.4115011634317913e-16,4.282376106887624e-17,-3.9280309503755424e-17,-4.3668616479471754e-17,1.9253345689221438e-17,-3.311495746621098e-18,9.745147689548745e-17,-5.301057899904736e-17,-8.853026605356075e-18,-3.59349703771654e-17,-7.599624811214733e-18,8.582303479940393e-18,8.129639061257047e-17,-2.4543311965731708e-17,-3.7778285346927275e-18,3.770876218876312e-18,-6.713379823764696e-17,-3.306375986150422e-17,-2.7355896380492106e-17,7.56025508090475e-17,-4.465493777234481e-18,-2.0025308407799756e-17,5.88569461839627e-17,-5.708240011941416e-17,-4.7307673641246377e-17,-3.9817144016343917e-17,-3.654834183616633e-17,-2.8066907832609366e-17
308.0808080808081,-5.73266560579856e-17,1.5725406876076875e-17,2.951218563946562e-17,3.811933921413459e-17,9.843111168232021e-17,-1.2505383469280236e-16,2.518709446337752e-17,7.885932436384931e-17,1.5613244468629806e-16,-7.925641724963836e-17,-1.0193258087196985e-16,4.983890205902375e-17,5.051812582899257e-17,7.70258171414909e-17,-1.0125895034113368e-16,-6.438488005555613e-18,3.935246996725248e-17,-2.8490007554088285e-17,4.354967961634311e-17,1.2042880994126904e-16,-7.375483095182392e-17,-2.4548997500238632e-17,4.3392240435638523e-17,-1.885353724548954e-17,2.7046992716837614e-17,-2.048469571865974e-17,-7.097016199637562e-18,-4.280224601817938e-17,-1.1407103974699425e-16,-9.874613140302058e-17,3.5415262655800904e-17,-1.3409558039969184e-16,3.452458566228666e-17,6.276906138431548e-17,-1.2312330626405162e-16,1.9054903536070196e-17,-1.0892255315001178e-16,4.4608346771787204e-18,-3.9402216486458707e-17,-2.5989710522094335e-17,-7.269003121468638e-17,2.5404394088326278e-17
313.1313131313131,2.4655488241392644e-17,-3.7583756134152794e-17,1.9029075119207213e-17,2.7019690270849706e-17,3.546877637776537e-17,2.4598826598138083e-17,6.201780411623162e-17,6.297511976060108e-17,3.364980964806693e-17,-1.744058231824321e-17,-2.7009982605114665e-17,4.675877974764076e-17,4.120515435428259e-17,4.4573613762196004e-17,1.4115011629696297e-16,4.282376105429737e-17,-3.928030948368064e-17,-4.3668616471999676e-17,1.925334568057811e-17,-3.311495737590297e-18,9.74514768614804e-17,-5.301057897890828e-17,-8.853026600268285e-18,-3.593497037296613e-17,-7.599624808008769e-18,8.582303479707921e-18,8.129639058831592e-17,-2.4543311954489075e-17,-3.7778285328610294e-18,3.770876217804912e-18,-6.713379822017512e-17,-3.306375986122328e-17,-2.7355896366763393e-17,7.560255078662189e-17,-4.465493772951286e-18,-2.00253084023017e-17,5.885694617265845e-17,-5.708240010195292e-17,-4.7307673631989957e-17,-3.981714401238508e-17,-3.6548341825905057e-17,-2.8066907824995737e-17
318.1818181818182,-5.732665603088841e-17,1.5725406874367315e-17,2.951218562689791e-17,3.811933920499455e-17,9.843111164876665e-17,-1.2505383464864022e-16,2.5187094466601904e-17,7.885932434499899e-17,1.5613244464136849e-16,-7.925641722779232e-17,-1.0193258084251194e-16,4.9838902042675775e-17,5.051812581271166e-17,7.702581712473022e-17,-1.0125895029956819e-16,-6.4384880010349344e-18,3.935246995927996e-17,-2.8490007550024487e-17,4.35496795997536e-17,1.2042880990286303e-16,-7.375483092012069e-17,-2.4548997489068756e-17,4.339224042765243e-17,-1.8853537246350415e-17,2.7046992709907816e-17,-2.0484695714551925e-17,-7.09701619125319e-18,-4.2802246001746406e-17,-1.140710397076019e-16,-9.874613136831282e-17,3.5415262639810207e-17,-1.3409558035926523e-16,3.452458565131093e-17,6.276906136985708e-17,-1.2312330622128148e-16,1.905490353471302e-17,-1.0892255310612215e-16,4.460834675733777e-18,-3.9402216480756715e-17,-2.5989710517887352e-17,-7.269003118587723e-17,2.5404394082786102e-17
323.2323232323232,2.4655488242135498e-17,-3.758375612006514e-17,1.90290751127539e-17,2.701969026348678e-17,3.5468776364346385e-17,2.459882659721854e-17,6.201780410958733e-17,6.297511974642248e-17,3.3649809645084785e-17,-1.7440582306151998e-17,-2.700998260361148e-17,4.6758779732387133e-17,4.1205154343965496e-17,4.4573613753335395e-17,1.411501162507468e-16,4.282376103971849e-17,-3.928030946360586e-17,-4.366861646452762e-17,1.925334567193479e-17,-3.311495728559497e-18,9.745147682747335e-17,-5.301057895876922e-17,-8.853026595180492e-18,-3.593497036876687e-17,-7.599624804802806e-18,8.58230347947545e-18,8.129639056406135e-17,-2.454331194324646e-17,-3.777828531029333e-18,3.770876216733512e-18,-6.713379820270333e-17,-3.306375986094234e-17,-2.7355896353034684e-17,7.560255076419629e-17,-4.465493768668092e-18,-2.0025308396803645e-17,5.885694616135421e-17,-5.708240008449166e-17,-4.730767362273354e-17,-3.9817144008426237e-17,-3.6548341815643776e-17,-2.806690781738212e-17
328.28282828282823,2.465548823985892e-17,-3.758375610967713e-17,1.902907510780314e-17,2.7019690257275348e-17,3.546877635448655e-17,2.4598826594192392e-17,6.201780409999168e-17,6.29751197333009e-17,3.364980964016148e-17,-1.7440582298807176e-17,-2.7009982600064402e-17,4.675877972049637e-17,4.120515433490728e-17,4.457361374458201e-17,1.4115011621477486e-16,4.282376102855162e-17,-3.928030945031676e-17,-4.3668616456501295e-17,1.925334566596487e-17,-3.3114957241037732e-18,9.745147680168397e-17,-5.301057894399507e-17,-8.853026591929345e-18,-3.593497036304808e-17,-7.59962480253987e-18,8.582303478459808e-18,8.129639054441753e-17,-2.4543311935534236e-17,-3.7778285297962424e-18,3.7708762158467225e-18,-6.7133798187644e-17,-3.3063759857308907e-17,-2.7355896343894282e-17,7.560255074598747e-17,-4.465493766247855e-18,-2.0025308392181432e-17,5.885694614997571e-17,-5.708240007050288e-17,-4.730767361351038e-17,-3.98171440024051e-17,-3.654834180710469e-17,-2.8066907810945705e-17
333.3333333333333,-5.732665598539686e-17,1.572540687021338e-17,2.951218560548885e-17,3.811933918765846e-17,9.843111158952596e-17,-1.2505383457114642e-16,2.5187094468621225e-17,7.885932430921954e-17,1.5613244455946316e-16,-7.925641718761344e-17,-1.0193258078885716e-16,4.983890201361303e-17,5.0518125783674445e-17,7.702581709218453e-17,-1.0125895022837422e-16,-6.438487993776881e-18,3.9352469943511304e-17,-2.849000754109285e-17,4.3549679571006386e-17,1.2042880983423198e-16,-7.375483086618773e-17,-2.454899747021911e-17,4.339224041143569e-17,-1.885353724560353e-17,2.7046992696960544e-17,-2.0484695706405066e-17,-7.097016178305526e-18,-4.280224597330614e-17,-1.1407103963821035e-16,-9.874613130735998e-17,3.541526261279646e-17,-1.3409558028624607e-16,3.452458563168596e-17,6.276906134217179e-17,-1.2312330614601705e-16,1.9054903530718603e-17,-1.0892255303073508e-16,4.460834673159107e-18,-3.94022164682853e-17,-2.5989710509012562e-17,-7.269003113626669e-17,2.540439407203423e-17
338.38383838383834,2.4655488240601768e-17,-3.758375609558947e-17,1.902907510134982e-17,2.701969024991241e-17,3.546877634106755e-17,2.459882659327284e-17,6.201780409334738e-17,6.297511971912227e-17,3.3649809637179326e-17,-1.744058228671596e-17,-2.700998259856122e-17,4.6758779705242744e-17,4.120515432459017e-17,4.457361373572139e-17,1.4115011616855866e-16,4.282376101397275e-17,-3.928030943024198e-17,-4.366861644902923e-17,1.9253345657321542e-17,-3.3114957150729733e-18,9.745147676767692e-17,-5.301057892385599e-17,-8.853026586841555e-18,-3.5934970358848805e-17,-7.599624799333907e-18,8.582303478227331e-18,8.129639052016298e-17,-2.4543311924291612e-17,-3.777828527964544e-18,3.770876214775322e-18,-6.713379817017218e-17,-3.306375985702797e-17,-2.7355896330165566e-17,7.560255072356185e-17,-4.4654937619646605e-18,-2.002530838668337e-17,5.885694613867145e-17,-5.708240005304163e-17,-4.7307673604253946e-17,-3.9817143998446265e-17,-3.654834179684341e-17,-2.8066907803332076e-17
343.4343434343434,-5.732665595829966e-17,1.572540686850382e-17,2.951218559292113e-17,3.8119339178518414e-17,9.843111155597239e-17,-1.2505383452698426e-16,2.5187094471845605e-17,7.885932429036919e-17,1.5613244451453356e-16,-7.925641716576738e-17,-1.0193258075939926e-16,4.983890199726505e-17,5.051812576739352e-17,7.702581707542382e-17,-1.0125895018680873e-16,-6.4384879892562034e-18,3.9352469935538773e-17,-2.849000753702905e-17,4.354967955441685e-17,1.2042880979582594e-16,-7.375483083448449e-17,-2.4548997459049233e-17,4.339224040344959e-17,-1.8853537246464402e-17,2.7046992690030736e-17,-2.0484695702297242e-17,-7.097016169921152e-18,-4.280224595687317e-17,-1.1407103959881802e-16,-9.874613127265225e-17,3.5415262596805757e-17,-1.3409558024581942e-16,3.452458562071022e-17,6.27690613277134e-17,-1.2312330610324689e-16,1.9054903529361424e-17,-1.0892255298684542e-16,4.4608346717141615e-18,-3.940221646258329e-17,-2.598971050480558e-17,-7.269003110745755e-17,2.540439406649405e-17
348.48484848484844,2.4655488241344622e-17,-3.758375608150181e-17,1.9029075094896502e-17,2.7019690242549475e-17,3.546877632764856e-17,2.4598826592353295e-17,6.201780408670309e-17,6.297511970494367e-17,3.3649809634197173e-17,-1.7440582274624747e-17,-2.700998259705803e-17,4.675877968998911e-17,4.1205154314273074e-17,4.457361372686076e-17,1.4115011612234245e-16,4.2823760999393854e-17,-3.928030941016721e-17,-4.366861644155716e-17,1.9253345648678212e-17,-3.3114957060421726e-18,9.745147673366987e-17,-5.301057890371692e-17,-8.853026581753761e-18,-3.5934970354649545e-17,-7.599624796127944e-18,8.582303477994858e-18,8.12963904959084e-17,-2.4543311913048982e-17,-3.777828526132846e-18,3.770876213703922e-18,-6.713379815270036e-17,-3.3063759856747016e-17,-2.735589631643685e-17,7.560255070113624e-17,-4.465493757681466e-18,-2.0025308381185312e-17,5.885694612736721e-17,-5.708240003558037e-17,-4.7307673594997526e-17,-3.9817143994487416e-17,-3.654834178658213e-17,-2.8066907795718446e-17
353.5353535353535,-5.732665593120246e-17,1.572540686679426e-17,2.951218558035342e-17,3.811933916937836e-17,9.843111152241882e-17,-1.250538344828221e-16,2.518709447506999e-17,7.885932427151887e-17,1.5613244446960394e-16,-7.92564171439213e-17,-1.0193258072994133e-16,4.983890198091707e-17,5.05181257511126e-17,7.702581705866312e-17,-1.0125895014524323e-16,-6.438487984735525e-18,3.9352469927566243e-17,-2.8490007532965247e-17,4.354967953782734e-17,1.2042880975741993e-16,-7.375483080278126e-17,-2.4548997447879354e-17,4.3392240395463495e-17,-1.8853537247325274e-17,2.704699268310093e-17,-2.048469569818942e-17,-7.097016161536781e-18,-4.280224594044019e-17,-1.1407103955942565e-16,-9.87461312379445e-17,3.541526258081505e-17,-1.3409558020539276e-16,3.452458560973448e-17,6.2769061313255e-17,-1.2312330606047675e-16,1.9054903528004247e-17,-1.0892255294295576e-16,4.460834670269217e-18,-3.94022164568813e-17,-2.598971050059859e-17,-7.269003107864839e-17,2.5404394060953877e-17
358.58585858585855,2.465548824208747e-17,-3.7583756067414144e-17,1.9029075088443185e-17,2.7019690235186547e-17,3.546877631422957e-17,2.459882659143375e-17,6.201780408005878e-17,6.297511969076505e-17,3.364980963121502e-17,-1.7440582262533534e-17,-2.7009982595554845e-17,4.675877967473549e-17,4.120515430395597e-17,4.4573613718000134e-17,1.4115011607612627e-16,4.2823760984814977e-17,-3.9280309390092426e-17,-4.366861643408509e-17,1.9253345640034888e-17,-3.3114956970113716e-18,9.745147669966281e-17,-5.3010578883577846e-17,-8.853026576665969e-18,-3.593497035045028e-17,-7.59962479292198e-18,8.582303477762385e-18,8.129639047165386e-17,-2.454331190180636e-17,-3.777828524301149e-18,3.770876212632522e-18,-6.713379813522854e-17,-3.3063759856466076e-17,-2.7355896302708137e-17,7.560255067871063e-17,-4.465493753398272e-18,-2.002530837568725e-17,5.885694611606297e-17,-5.708240001811912e-17,-4.7307673585741107e-17,-3.981714399052857e-17,-3.654834177632086e-17,-2.806690778810482e-17
363.6363636363636,-5.732665590410525e-17,1.57254068650847e-17,2.9512185567785705e-17,3.8119339160238325e-17,9.843111148886526e-17,-1.2505383443865997e-16,2.518709447829437e-17,7.885932425266855e-17,1.5613244442467434e-16,-7.925641712207524e-17,-1.0193258070048344e-16,4.9838901964569086e-17,5.0518125734831684e-17,7.702581704190241e-17,-1.0125895010367773e-16,-6.438487980214846e-18,3.935246991959372e-17,-2.8490007528901454e-17,4.3549679521237817e-17,1.2042880971901392e-16,-7.375483077107802e-17,-2.4548997436709475e-17,4.339224038747741e-17,-1.8853537248186153e-17,2.704699267617112e-17,-2.0484695694081604e-17,-7.097016153152408e-18,-4.2802245924007215e-17,-1.1407103952003332e-16,-9.874613120323678e-17,3.5415262564824356e-17,-1.3409558016496613e-16,3.452458559875875e-17,6.27690612987966e-17,-1.231233060177066e-16,1.9054903526647074e-17,-1.0892255289906608e-16,4.460834668824273e-18,-3.9402216451179306e-17,-2.598971049639161e-17,-7.269003104983926e-17,2.54043940554137e-17
368.68686868686865,2.4655488242830325e-17,-3.758375605332649e-17,1.9029075081989868e-17,2.7019690227823618e-17,3.546877630081058e-17,2.459882659051421e-17,6.201780407341448e-17,6.297511967658644e-17,3.3649809628232873e-17,-1.744058225044232e-17,-2.700998259405166e-17,4.675877965948186e-17,4.120515429363887e-17,4.4573613709139525e-17,1.411501160299101e-16,4.28237609702361e-17,-3.9280309370017653e-17,-4.3668616426613013e-17,1.9253345631391567e-17,-3.311495687980572e-18,9.745147666565576e-17,-5.301057886343877e-17,-8.853026571578178e-18,-3.593497034625102e-17,-7.599624789716016e-18,8.582303477529913e-18,8.129639044739933e-17,-2.4543311890563735e-17,-3.777828522469452e-18,3.770876211561122e-18,-6.713379811775673e-17,-3.306375985618513e-17,-2.7355896288979425e-17,7.560255065628502e-17,-4.465493749115079e-18,-2.0025308370189195e-17,5.885694610475873e-17,-5.708240000065787e-17,-4.730767357648469e-17,-3.981714398656974e-17,-3.6548341766059585e-17,-2.80669077804912e-17
373.73737373737373,-5.732665587700805e-17,1.5725406863375142e-17,2.9512185555217986e-17,3.8119339151098286e-17,9.84311114553117e-17,-1.250538343944978e-16,2.5187094481518756e-17,7.885932423381823e-17,1.5613244437974472e-16,-7.92564171002292e-17,-1.0193258067102551e-16,4.983890194822111e-17,5.0518125718550754e-17,7.702581702514172e-17,-1.0125895006211225e-16,-6.438487975694168e-18,3.9352469911621213e-17,-2.849000752483766e-17,4.3549679504648294e-17,1.204288096806079e-16,-7.375483073937478e-17,-2.4548997425539605e-17,4.339224037949131e-17,-1.8853537249047028e-17,2.704699266924132e-17,-2.0484695689973784e-17,-7.097016144768037e-18,-4.280224590757425e-17,-1.1407103948064098e-16,-9.874613116852902e-17,3.541526254883365e-17,-1.340955801245395e-16,3.4524585587783014e-17,6.276906128433821e-17,-1.2312330597493647e-16,1.9054903525289894e-17,-1.0892255285517645e-16,4.460834667379329e-18,-3.9402216445477315e-17,-2.598971049218463e-17,-7.269003102103014e-17,2.5404394049873524e-17
378.78787878787875,2.465548824357318e-17,-3.7583756039238824e-17,1.902907507553655e-17,2.7019690220460686e-17,3.5468776287391586e-17,2.4598826589594667e-17,6.201780406677019e-17,6.297511966240782e-17,3.364980962525072e-17,-1.7440582238351108e-17,-2.7009982592548475e-17,4.6758779644228235e-17,4.120515428332177e-17,4.4573613700278903e-17,1.411501159836939e-16,4.2823760955657223e-17,-3.9280309349942875e-17,-4.366861641914095e-17,1.9253345622748246e-17,-3.311495678949772e-18,9.745147663164873e-17,-5.3010578843299705e-17,-8.853026566490386e-18,-3.593497034205175e-17,-7.599624786510053e-18,8.58230347729744e-18,8.129639042314476e-17,-2.4543311879321117e-17,-3.7778285206377545e-18,3.7708762104897214e-18,-6.713379810028493e-17,-3.30637598559042e-17,-2.7355896275250712e-17,7.560255063385942e-17,-4.465493744831885e-18,-2.002530836469114e-17,5.885694609345449e-17,-5.708239998319663e-17,-4.730767356722828e-17,-3.9817143982610893e-17,-3.65483417557983e-17,-2.806690777287757e-17
383.83838383838383,-5.732665584991085e-17,1.5725406861665582e-17,2.951218554265027e-17,3.811933914195823e-17,9.843111142175811e-17,-1.250538343503357e-16,2.5187094484743132e-17,7.885932421496788e-17,1.5613244433481512e-16,-7.925641707838314e-17,-1.0193258064156761e-16,4.9838901931873124e-17,5.051812570226984e-17,7.7025817008381e-17,-1.0125895002054675e-16,-6.438487971173489e-18,3.9352469903648677e-17,-2.849000752077386e-17,4.354967948805878e-17,1.2042880964220187e-16,-7.375483070767153e-17,-2.4548997414369726e-17,4.339224037150522e-17,-1.8853537249907903e-17,2.704699266231151e-17,-2.0484695685865963e-17,-7.097016136383663e-18,-4.280224589114128e-17,-1.1407103944124865e-16,-9.874613113382128e-17,3.541526253284294e-17,-1.3409558008411284e-16,3.452458557680727e-17,6.276906126987982e-17,-1.2312330593216633e-16,1.9054903523932717e-17,-1.0892255281128678e-16,4.460834665934384e-18,-3.940221643977532e-17,-2.5989710487977644e-17,-7.269003099222099e-17,2.540439404433335e-17
388.88888888888886,2.4655488244316027e-17,-3.758375602515117e-17,1.9029075069083235e-17,2.701969021309775e-17,3.54687762739726e-17,2.459882658867512e-17,6.20178040601259e-17,6.29751196482292e-17,3.364980962226857e-17,-1.744058222625989e-17,-2.7009982591045294e-17,4.675877962897462e-17,4.1205154273004666e-17,4.457361369141828e-17,1.411501159374777e-16,4.282376094107834e-17,-3.9280309329868103e-17,-4.366861641166888e-17,1.9253345614104916e-17,-3.3114956699189715e-18,9.745147659764166e-17,-5.3010578823160635e-17,-8.853026561402593e-18,-3.593497033785249e-17,-7.599624783304089e-18,8.582303477064966e-18,8.129639039889021e-17,-2.4543311868078493e-17,-3.777828518806057e-18,3.770876209418321e-18,-6.713379808281311e-17,-3.306375985562326e-17,-2.7355896261522005e-17,7.560255061143381e-17,-4.465493740548691e-18,-2.0025308359193078e-17,5.885694608215024e-17,-5.708239996573537e-17,-4.730767355797186e-17,-3.9817143978652056e-17,-3.654834174553702e-17,-2.8066907765263953e-17
393.93939393939394,-5.732665582281365e-17,1.5725406859956022e-17,2.9512185530082566e-17,3.811933913281819e-17,9.843111138820456e-17,-1.2505383430617354e-16,2.518709448796752e-17,7.885932419611756e-17,1.5613244428988547e-16,-7.925641705653709e-17,-1.0193258061210968e-16,4.983890191552515e-17,5.051812568598893e-17,7.702581699162031e-17,-1.0125894997898125e-16,-6.438487966652812e-18,3.935246989567616e-17,-2.849000751671006e-17,4.3549679471469254e-17,1.2042880960379585e-16,-7.37548306759683e-17,-2.454899740319985e-17,4.339224036351913e-17,-1.8853537250768776e-17,2.7046992655381707e-17,-2.0484695681758142e-17,-7.097016127999292e-18,-4.280224587470831e-17,-1.140710394018563e-16,-9.874613109911356e-17,3.541526251685224e-17,-1.340955800436862e-16,3.452458556583154e-17,6.276906125542143e-17,-1.2312330588939616e-16,1.9054903522575544e-17,-1.0892255276739712e-16,4.46083466448944e-18,-3.9402216434073326e-17,-2.5989710483770658e-17,-7.269003096341185e-17,2.5404394038793175e-17
398.98989898989896,2.465548824505888e-17,-3.7583756011063505e-17,1.9029075062629918e-17,2.701969020573482e-17,3.5468776260553614e-17,2.4598826587755576e-17,6.20178040534816e-17,6.297511963405059e-17,3.3649809619286414e-17,-1.7440582214168678e-17,-2.7009982589542107e-17,4.6758779613720994e-17,4.1205154262687573e-17,4.457361368255767e-17,1.4115011589126152e-16,4.282376092649946e-17,-3.9280309309793325e-17,-4.366861640419681e-17,1.9253345605461592e-17,-3.3114956608881716e-18,9.745147656363462e-17,-5.3010578803021564e-17,-8.853026556314801e-18,-3.593497033365322e-17,-7.599624780098126e-18,8.582303476832493e-18,8.129639037463566e-17,-2.454331185683587e-17,-3.77782851697436e-18,3.770876208346921e-18,-6.71337980653413e-17,-3.3063759855342313e-17,-2.735589624779329e-17,7.56025505890082e-17,-4.465493736265497e-18,-2.0025308353695022e-17,5.8856946070846e-17,-5.708239994827411e-17,-4.730767354871544e-17,-3.981714397469322e-17,-3.654834173527575e-17,-2.806690775765033e-17
404.04040404040404,-5.732665579571645e-17,1.5725406858246465e-17,2.951218551751485e-17,3.811933912367814e-17,9.843111135465098e-17,-1.250538342620114e-16,2.5187094491191904e-17,7.885932417726726e-17,1.5613244424495592e-16,-7.925641703469103e-17,-1.0193258058265179e-16,4.983890189917717e-17,5.051812566970801e-17,7.702581697485963e-17,-1.0125894993741578e-16,-6.438487962132133e-18,3.935246988770364e-17,-2.849000751264626e-17,4.354967945487974e-17,1.2042880956538984e-16,-7.375483064426506e-17,-2.4548997392029977e-17,4.339224035553304e-17,-1.885353725162965e-17,2.7046992648451903e-17,-2.0484695677650325e-17,-7.097016119614919e-18,-4.280224585827534e-17,-1.1407103936246397e-16,-9.874613106440581e-17,3.5415262500861535e-17,-1.3409558000325958e-16,3.45245855548558e-17,6.276906124096304e-17,-1.2312330584662602e-16,1.9054903521218364e-17,-1.0892255272350748e-16,4.460834663044496e-18,-3.940221642837134e-17,-2.5989710479563672e-17,-7.269003093460271e-17,2.5404394033253002e-17
409.09090909090907,2.4655488245801736e-17,-3.758375599697585e-17,1.9029075056176598e-17,2.7019690198371887e-17,3.546877624713462e-17,2.459882658683603e-17,6.20178040468373e-17,6.297511961987198e-17,3.364980961630427e-17,-1.7440582202077465e-17,-2.7009982588038924e-17,4.6758779598467376e-17,4.120515425237047e-17,4.4573613673697046e-17,1.4115011584504537e-16,4.282376091192058e-17,-3.928030928971855e-17,-4.3668616396724744e-17,1.9253345596818268e-17,-3.3114956518573713e-18,9.745147652962757e-17,-5.30105787828825e-17,-8.853026551227009e-18,-3.5934970329453956e-17,-7.599624776892163e-18,8.582303476600017e-18,8.129639035038111e-17,-2.4543311845593246e-17,-3.777828515142663e-18,3.770876207275521e-18,-6.713379804786948e-17,-3.306375985506137e-17,-2.7355896234064577e-17,7.560255056658258e-17,-4.465493731982304e-18,-2.0025308348196967e-17,5.885694605954175e-17,-5.708239993081286e-17,-4.7307673539459013e-17,-3.981714397073438e-17,-3.654834172501447e-17,-2.8066907750036695e-17
414.1414141414141,2.465548824352516e-17,-3.7583755986587844e-17,1.902907505122584e-17,2.7019690192160464e-17,3.5468776237274785e-17,2.459882658380988e-17,6.201780403724167e-17,6.29751196067504e-17,3.364980961138096e-17,-1.744058219473265e-17,-2.7009982584491854e-17,4.6758779586576604e-17,4.1205154243312256e-17,4.4573613664943666e-17,1.4115011580907346e-16,4.282376090075372e-17,-3.928030927642945e-17,-4.3668616388698436e-17,1.9253345590848347e-17,-3.3114956474016472e-18,9.74514765038382e-17,-5.301057876810835e-17,-8.853026547975865e-18,-3.593497032373517e-17,-7.599624774629227e-18,8.582303475584377e-18,8.129639033073729e-17,-2.4543311837881024e-17,-3.777828513909572e-18,3.770876206388732e-18,-6.713379803281016e-17,-3.306375985142794e-17,-2.7355896224924175e-17,7.560255054837377e-17,-4.465493729562066e-18,-2.002530834357476e-17,5.885694604816326e-17,-5.708239991682409e-17,-4.730767353023585e-17,-3.981714396471324e-17,-3.654834171647539e-17,-2.806690774360029e-17
419.19191919191917,-5.732665575022491e-17,1.572540685409253e-17,2.9512185496105784e-17,3.811933910634206e-17,9.843111129541032e-17,-1.250538341845176e-16,2.518709449321123e-17,7.885932414148779e-17,1.561324441630506e-16,-7.925641699451215e-17,-1.0193258052899702e-16,4.9838901870114424e-17,5.0518125640670806e-17,7.702581694231395e-17,-1.0125894986622181e-16,-6.4384879548740814e-18,3.935246987193497e-17,-2.849000750371463e-17,4.354967942613253e-17,1.204288094967588e-16,-7.375483059033214e-17,-2.4548997373180337e-17,4.339224033931631e-17,-1.8853537250882772e-17,2.7046992635504634e-17,-2.0484695669503466e-17,-7.097016106667256e-18,-4.2802245829835077e-17,-1.1407103929307244e-16,-9.874613100345295e-17,3.54152624738478e-17,-1.3409557993024045e-16,3.452458553523084e-17,6.276906121327774e-17,-1.2312330577136162e-16,1.905490351722395e-17,-1.0892255264812043e-16,4.460834660469826e-18,-3.940221641589991e-17,-2.5989710470688892e-17,-7.269003088499218e-17,2.540439402250113e-17
424.2424242424242,2.465548824426801e-17,-3.758375597250018e-17,1.9029075044772526e-17,2.7019690184797526e-17,3.546877622385579e-17,2.4598826582890338e-17,6.201780403059736e-17,6.297511959257179e-17,3.3649809608398815e-17,-1.7440582182641433e-17,-2.7009982582988667e-17,4.675877957132298e-17,4.1205154232995157e-17,4.457361365608305e-17,1.4115011576285725e-16,4.2823760886174835e-17,-3.928030925635468e-17,-4.3668616381226364e-17,1.9253345582205026e-17,-3.3114956383708473e-18,9.745147646983114e-17,-5.3010578747969285e-17,-8.853026542888072e-18,-3.5934970319535904e-17,-7.599624771423264e-18,8.582303475351907e-18,8.129639030648274e-17,-2.45433118266384e-17,-3.777828512077876e-18,3.770876205317332e-18,-6.713379801533836e-17,-3.3063759851147e-17,-2.7355896211195462e-17,7.560255052594817e-17,-4.465493725278872e-18,-2.00253083380767e-17,5.885694603685902e-17,-5.708239989936284e-17,-4.730767352097943e-17,-3.9817143960754405e-17,-3.654834170621411e-17,-2.806690773598667e-17
429.2929292929293,-5.732665572312771e-17,1.5725406852382973e-17,2.951218548353807e-17,3.811933909720202e-17,9.843111126185675e-17,-1.2505383414035547e-16,2.518709449643561e-17,7.885932412263748e-17,1.5613244411812102e-16,-7.925641697266609e-17,-1.0193258049953912e-16,4.9838901853766453e-17,5.051812562438988e-17,7.702581692555326e-17,-1.0125894982465632e-16,-6.438487950353404e-18,3.9352469863962465e-17,-2.849000749965083e-17,4.354967940954301e-17,1.204288094583528e-16,-7.37548305586289e-17,-2.454899736201046e-17,4.339224033133021e-17,-1.8853537251743647e-17,2.704699262857483e-17,-2.0484695665395648e-17,-7.097016098282883e-18,-4.2802245813402106e-17,-1.140710392536801e-16,-9.874613096874524e-17,3.54152624578571e-17,-1.340955798898138e-16,3.4524585524255096e-17,6.276906119881935e-17,-1.2312330572859148e-16,1.9054903515866775e-17,-1.0892255260423079e-16,4.460834659024882e-18,-3.940221641019792e-17,-2.5989710466481906e-17,-7.269003085618303e-17,2.5404394016960953e-17
434.3434343434343,2.4655488245010866e-17,-3.7583755958412524e-17,1.902907503831921e-17,2.7019690177434598e-17,3.54687762104368e-17,2.4598826581970795e-17,6.201780402395307e-17,6.297511957839317e-17,3.364980960541666e-17,-1.744058217055022e-17,-2.700998258148548e-17,4.6758779556069356e-17,4.120515422267805e-17,4.4573613647222436e-17,1.4115011571664105e-16,4.282376087159596e-17,-3.928030923627991e-17,-4.36686163737543e-17,1.92533455735617e-17,-3.311495629340047e-18,9.745147643582412e-17,-5.3010578727830215e-17,-8.85302653780028e-18,-3.5934970315336637e-17,-7.599624768217301e-18,8.582303475119433e-18,8.12963902822282e-17,-2.454331181539578e-17,-3.7778285102461784e-18,3.770876204245932e-18,-6.713379799786655e-17,-3.3063759850866064e-17,-2.7355896197466753e-17,7.560255050352256e-17,-4.4654937209956786e-18,-2.0025308332578642e-17,5.885694602555478e-17,-5.708239988190159e-17,-4.7307673511723015e-17,-3.981714395679556e-17,-3.654834169595284e-17,-2.8066907728373046e-17
439.3939393939394,-5.73266556960305e-17,1.5725406850673412e-17,2.951218547097035e-17,3.8119339088061965e-17,9.843111122830317e-17,-1.2505383409619331e-16,2.518709449965999e-17,7.885932410378712e-17,1.5613244407319137e-16,-7.925641695082003e-17,-1.0193258047008119e-16,4.983890183741847e-17,5.051812560810896e-17,7.702581690879254e-17,-1.0125894978309085e-16,-6.438487945832724e-18,3.935246985598994e-17,-2.849000749558703e-17,4.354967939295349e-17,1.2042880941994676e-16,-7.375483052692567e-17,-2.4548997350840582e-17,4.339224032334412e-17,-1.8853537252604523e-17,2.704699262164502e-17,-2.0484695661287824e-17,-7.097016089898512e-18,-4.280224579696914e-17,-1.1407103921428777e-16,-9.874613093403749e-17,3.54152624418664e-17,-1.3409557984938713e-16,3.452458551327936e-17,6.276906118436096e-17,-1.231233056858213e-16,1.9054903514509598e-17,-1.0892255256034112e-16,4.460834657579937e-18,-3.940221640449593e-17,-2.598971046227492e-17,-7.269003082737391e-17,2.540439401142078e-17
444.4444444444444,2.4655488245753714e-17,-3.758375594432487e-17,1.902907503186589e-17,2.701969017007167e-17,3.5468776197017814e-17,2.459882658105125e-17,6.201780401730878e-17,6.297511956421457e-17,3.3649809602434515e-17,-1.7440582158459004e-17,-2.7009982579982296e-17,4.675877954081573e-17,4.1205154212360947e-17,4.457361363836181e-17,1.4115011567042487e-16,4.2823760857017076e-17,-3.928030921620513e-17,-4.366861636628223e-17,1.9253345564918372e-17,-3.3114956203092467e-18,9.745147640181705e-17,-5.301057870769114e-17,-8.853026532712488e-18,-3.5934970311137376e-17,-7.599624765011336e-18,8.582303474886958e-18,8.129639025797362e-17,-2.4543311804153156e-17,-3.77782850841448e-18,3.770876203174532e-18,-6.713379798039473e-17,-3.3063759850585125e-17,-2.735589618373804e-17,7.560255048109694e-17,-4.4654937167124836e-18,-2.0025308327080584e-17,5.885694601425052e-17,-5.708239986444034e-17,-4.730767350246659e-17,-3.981714395283671e-17,-3.654834168569156e-17,-2.8066907720759416e-17
449.4949494949495,-5.732665566893331e-17,1.5725406848963852e-17,2.9512185458402646e-17,3.8119339078921926e-17,9.843111119474961e-17,-1.2505383405203118e-16,2.5187094502884378e-17,7.885932408493682e-17,1.561324440282618e-16,-7.9256416928974e-17,-1.019325804406233e-16,4.9838901821070486e-17,5.051812559182804e-17,7.702581689203184e-17,-1.0125894974152533e-16,-6.4384879413120456e-18,3.935246984801741e-17,-2.849000749152324e-17,4.3549679376363974e-17,1.2042880938154075e-16,-7.375483049522242e-17,-2.4548997339670706e-17,4.339224031535803e-17,-1.8853537253465395e-17,2.7046992614715215e-17,-2.0484695657180004e-17,-7.097016081514137e-18,-4.280224578053617e-17,-1.1407103917489543e-16,-9.874613089932975e-17,3.5415262425875696e-17,-1.3409557980896048e-16,3.4524585502303624e-17,6.276906116990257e-17,-1.2312330564305117e-16,1.905490351315242e-17,-1.0892255251645143e-16,4.460834656134993e-18,-3.940221639879394e-17,-2.598971045806794e-17,-7.269003079856477e-17,2.5404394005880604e-17
454.5454545454545,2.465548824649657e-17,-3.7583755930237205e-17,1.9029075025412573e-17,2.7019690162708737e-17,3.546877618359883e-17,2.4598826580131704e-17,6.201780401066449e-17,6.297511955003596e-17,3.364980959945236e-17,-1.744058214636779e-17,-2.7009982578479116e-17,4.675877952556211e-17,4.1205154202043854e-17,4.4573613629501194e-17,1.4115011562420871e-16,4.282376084243819e-17,-3.928030919613035e-17,-4.366861635881016e-17,1.9253345556275048e-17,-3.3114956112784476e-18,9.745147636781001e-17,-5.301057868755207e-17,-8.853026527624699e-18,-3.5934970306938116e-17,-7.599624761805373e-18,8.582303474654485e-18,8.129639023371908e-17,-2.4543311792910532e-17,-3.777828506582783e-18,3.7708762021031316e-18,-6.713379796292292e-17,-3.306375985030418e-17,-2.7355896170009327e-17,7.560255045867134e-17,-4.46549371242929e-18,-2.0025308321582525e-17,5.885694600294628e-17,-5.708239984697909e-17,-4.730767349321018e-17,-3.9817143948877876e-17,-3.654834167543028e-17,-2.8066907713145787e-17
459.5959595959596,-5.732665564183611e-17,1.5725406847254295e-17,2.9512185445834927e-17,3.8119339069781876e-17,9.843111116119606e-17,-1.2505383400786905e-16,2.5187094506108758e-17,7.88593240660865e-17,1.561324439833322e-16,-7.925641690712791e-17,-1.0193258041116538e-16,4.983890180472251e-17,5.0518125575547133e-17,7.702581687527114e-17,-1.0125894969995985e-16,-6.438487936791369e-18,3.9352469840044887e-17,-2.8490007487459435e-17,4.354967935977445e-17,1.2042880934313474e-16,-7.375483046351918e-17,-2.4548997328500836e-17,4.3392240307371934e-17,-1.8853537254326273e-17,2.7046992607785414e-17,-2.048469565307219e-17,-7.097016073129766e-18,-4.2802245764103205e-17,-1.140710391355031e-16,-9.874613086462202e-17,3.541526240988499e-17,-1.3409557976853387e-16,3.4524585491327894e-17,6.276906115544418e-17,-1.2312330560028103e-16,1.9054903511795245e-17,-1.089225524725618e-16,4.4608346546900486e-18,-3.9402216393091946e-17,-2.598971045386096e-17,-7.269003076975563e-17,2.540439400034043e-17
464.6464646464646,2.4655488247239422e-17,-3.758375591614954e-17,1.9029075018959253e-17,2.7019690155345808e-17,3.5468776170179835e-17,2.4598826579212163e-17,6.201780400402018e-17,6.297511953585734e-17,3.3649809596470215e-17,-1.7440582134276577e-17,-2.700998257697593e-17,4.675877951030849e-17,4.1205154191726755e-17,4.457361362064057e-17,1.411501155779925e-16,4.282376082785932e-17,-3.928030917605558e-17,-4.366861635133809e-17,1.9253345547631724e-17,-3.3114956022476473e-18,9.745147633380297e-17,-5.3010578667413004e-17,-8.853026522536905e-18,-3.593497030273885e-17,-7.59962475859941e-18,8.582303474422014e-18,8.129639020946452e-17,-2.4543311781667918e-17,-3.7778285047510866e-18,3.770876201031732e-18,-6.713379794545109e-17,-3.3063759850023234e-17,-2.7355896156280614e-17,7.560255043624575e-17,-4.465493708146097e-18,-2.0025308316084467e-17,5.885694599164204e-17,-5.708239982951783e-17,-4.730767348395376e-17,-3.981714394491904e-17,-3.6548341665169e-17,-2.806690770553217e-17
469.6969696969697,-5.732665561473889e-17,1.5725406845544735e-17,2.9512185433267214e-17,3.811933906064184e-17,9.843111112764249e-17,-1.2505383396370689e-16,2.518709450933314e-17,7.885932404723617e-17,1.561324439384026e-16,-7.925641688528185e-17,-1.0193258038170747e-16,4.983890178837452e-17,5.051812555926621e-17,7.702581685851045e-17,-1.0125894965839437e-16,-6.4384879322706904e-18,3.935246983207236e-17,-2.849000748339564e-17,4.354967934318493e-17,1.204288093047287e-16,-7.375483043181595e-17,-2.4548997317330957e-17,4.339224029938584e-17,-1.8853537255187145e-17,2.7046992600855607e-17,-2.0484695648964366e-17,-7.097016064745394e-18,-4.280224574767023e-17,-1.1407103909611073e-16,-9.874613082991427e-17,3.541526239389429e-17,-1.3409557972810724e-16,3.452458548035215e-17,6.276906114098577e-17,-1.231233055575109e-16,1.9054903510438068e-17,-1.0892255242867215e-16,4.4608346532451035e-18,-3.9402216387389955e-17,-2.598971044965397e-17,-7.269003074094648e-17,2.540439399480025e-17
474.7474747474747,2.4655488247982274e-17,-3.7583755902061885e-17,1.9029075012505937e-17,2.701969014798288e-17,3.546877615676084e-17,2.4598826578292617e-17,6.20178039973759e-17,6.297511952167873e-17,3.364980959348806e-17,-1.7440582122185367e-17,-2.7009982575472748e-17,4.675877949505487e-17,4.120515418140965e-17,4.457361361177995e-17,1.4115011553177633e-16,4.282376081328044e-17,-3.92803091559808e-17,-4.366861634386602e-17,1.92533455389884e-17,-3.311495593216847e-18,9.745147629979591e-17,-5.3010578647273933e-17,-8.853026517449114e-18,-3.593497029853959e-17,-7.599624755393447e-18,8.58230347418954e-18,8.129639018520998e-17,-2.4543311770425288e-17,-3.777828502919389e-18,3.770876199960331e-18,-6.71337979279793e-17,-3.3063759849742294e-17,-2.7355896142551902e-17,7.560255041382012e-17,-4.465493703862904e-18,-2.002530831058641e-17,5.88569459803378e-17,-5.70823998120566e-17,-4.730767347469734e-17,-3.98171439409602e-17,-3.654834165490772e-17,-2.806690769791855e-17
479.7979797979798,-5.73266555876417e-17,1.5725406843835175e-17,2.95121854206995e-17,3.8119339051501787e-17,9.843111109408892e-17,-1.2505383391954475e-16,2.5187094512557523e-17,7.885932402838583e-17,1.5613244389347298e-16,-7.925641686343581e-17,-1.0193258035224956e-16,4.983890177202654e-17,5.05181255429853e-17,7.702581684174973e-17,-1.0125894961682885e-16,-6.438487927750012e-18,3.9352469824099845e-17,-2.849000747933184e-17,4.3549679326595405e-17,1.204288092663227e-16,-7.375483040011271e-17,-2.4548997306161084e-17,4.339224029139975e-17,-1.885353725604802e-17,2.70469925939258e-17,-2.0484695644856548e-17,-7.097016056361022e-18,-4.2802245731237257e-17,-1.1407103905671842e-16,-9.874613079520651e-17,3.541526237790358e-17,-1.3409557968768058e-16,3.452458546937642e-17,6.276906112652738e-17,-1.2312330551474073e-16,1.905490350908089e-17,-1.0892255238478248e-16,4.46083465180016e-18,-3.940221638168795e-17,-2.598971044544699e-17,-7.269003071213734e-17,2.540439398926008e-17
484.8484848484848,2.465548824872513e-17,-3.758375588797423e-17,1.902907500605262e-17,2.7019690140619938e-17,3.546877614334185e-17,2.4598826577373073e-17,6.20178039907316e-17,6.297511950750013e-17,3.3649809590505915e-17,-1.744058211009415e-17,-2.700998257396956e-17,4.675877947980125e-17,4.120515417109255e-17,4.457361360291933e-17,1.4115011548556012e-16,4.282376079870156e-17,-3.928030913590603e-17,-4.366861633639395e-17,1.9253345530345073e-17,-3.3114955841860463e-18,9.745147626578885e-17,-5.3010578627134857e-17,-8.853026512361322e-18,-3.5934970294340315e-17,-7.599624752187483e-18,8.582303473957065e-18,8.129639016095543e-17,-2.454331175918267e-17,-3.777828501087692e-18,3.770876198888931e-18,-6.713379791050747e-17,-3.3063759849461355e-17,-2.735589612882319e-17,7.560255039139453e-17,-4.46549369957971e-18,-2.0025308305088353e-17,5.885694596903355e-17,-5.708239979459533e-17,-4.7307673465440916e-17,-3.9817143937001365e-17,-3.654834164464645e-17,-2.806690769030492e-17
489.89898989898984,2.4655488246448552e-17,-3.7583755877586224e-17,1.9029075001101867e-17,2.7019690134408512e-17,3.546877613348202e-17,2.4598826574346925e-17,6.201780398113596e-17,6.297511949437854e-17,3.3649809585582615e-17,-1.7440582102749332e-17,-2.7009982570422485e-17,4.675877946791047e-17,4.1205154162034345e-17,4.457361359416595e-17,1.4115011544958821e-16,4.28237607875347e-17,-3.9280309122616927e-17,-4.366861632836764e-17,1.925334552437516e-17,-3.311495579730323e-18,9.745147623999953e-17,-5.3010578612360725e-17,-8.853026509110176e-18,-3.5934970288621536e-17,-7.599624749924549e-18,8.582303472941427e-18,8.12963901413116e-17,-2.4543311751470445e-17,-3.777828499854601e-18,3.770876198002143e-18,-6.713379789544816e-17,-3.306375984582793e-17,-2.735589611968279e-17,7.560255037318571e-17,-4.465493697159472e-18,-2.0025308300466143e-17,5.885694595765507e-17,-5.708239978060656e-17,-4.730767345621776e-17,-3.981714393098022e-17,-3.654834163610737e-17,-2.806690768386851e-17
494.9494949494949,-5.732665554215018e-17,1.572540683968124e-17,2.9512185399290445e-17,3.8119339034165706e-17,9.843111103484825e-17,-1.2505383384205098e-16,2.5187094514576847e-17,7.885932399260639e-17,1.5613244381156767e-16,-7.925641682325692e-17,-1.0193258029859481e-16,4.9838901742963815e-17,5.051812551394808e-17,7.702581680920408e-17,-1.0125894954563491e-16,-6.438487920491961e-18,3.935246980833119e-17,-2.849000747040021e-17,4.35496792978482e-17,1.2042880919769166e-16,-7.375483034617977e-17,-2.454899728731144e-17,4.3392240275183013e-17,-1.8853537255301142e-17,2.704699258097853e-17,-2.0484695636709692e-17,-7.097016043413359e-18,-4.2802245702796997e-17,-1.1407103898732686e-16,-9.874613073425367e-17,3.5415262350889845e-17,-1.3409557961466142e-16,3.452458544975145e-17,6.27690610988421e-17,-1.2312330543947632e-16,1.9054903505086476e-17,-1.0892255230939543e-16,4.4608346492254905e-18,-3.940221636921654e-17,-2.5989710436572204e-17,-7.269003066252681e-17,2.5404393978508206e-17
500.0,-5.732665553344729e-17,1.5725406840416054e-17,2.951218539556407e-17,3.81193390332217e-17,9.843111102698176e-17,-1.2505383383122046e-16,2.5187094519006292e-17,7.885932399068518e-17,1.5613244380361379e-16,-7.92564168197437e-17,-1.0193258029333373e-16,4.983890173933058e-17,5.051812551042344e-17,7.702581680822833e-17,-1.0125894953369788e-16,-6.438487918708655e-18,3.93524698081548e-17,-2.849000747120424e-17,4.354967929341637e-17,1.2042880918951068e-16,-7.375483033670622e-17,-2.454899728382133e-17,4.339224027542756e-17,-1.885353725776977e-17,2.7046992580066186e-17,-2.0484695636640907e-17,-7.097016039592277e-18,-4.2802245698371315e-17,-1.140710389779337e-16,-9.874613072579104e-17,3.541526234592218e-17,-1.340955796068273e-16,3.452458544742495e-17,6.276906109761059e-17,-1.2312330542920045e-16,1.9054903506366535e-17,-1.0892255229700316e-16,4.460834648910271e-18,-3.940221637028396e-17,-2.5989710437033022e-17,-7.269003065451906e-17,2.5404393978179728e-17
