Time_fs,Coherence_Re_0_1,Coherence_Re_0_2,Coherence_Re_0_3,Coherence_Re_0_4,Coherence_Re_0_5,Coherence_Re_0_6,Coherence_Re_1_0,Coherence_Re_1_2,Coherence_Re_1_3,Coherence_Re_1_4,Coherence_Re_1_5,Coherence_Re_1_6,Coherence_Re_2_0,Coherence_Re_2_1,Coherence_Re_2_3,Coherence_Re_2_4,Coherence_Re_2_5,Coherence_Re_2_6,Coherence_Re_3_0,Coherence_Re_3_1,Coherence_Re_3_2,Coherence_Re_3_4,Coherence_Re_3_5,Coherence_Re_3_6,Coherence_Re_4_0,Coherence_Re_4_1,Coherence_Re_4_2,Coherence_Re_4_3,Coherence_Re_4_5,Coherence_Re_4_6,Coherence_Re_5_0,Coherence_Re_5_1,Coherence_Re_5_2,Coherence_Re_5_3,Coherence_Re_5_4,Coherence_Re_5_6,Coherence_Re_6_0,Coherence_Re_6_1,Coherence_Re_6_2,Coherence_Re_6_3,Coherence_Re_6_4,Coherence_Re_6_5
0.0,-0.024257714395992492,0.004750658004960069,-0.0080239349743719,0.001289600416477469,0.01171427517875567,0.0037305990643661654,-0.024257714395992492,-0.08019367824469438,0.013486695213367312,0.016483948387437216,0.011243689686819536,0.00203523640512973,0.00475065800496007,-0.0801936782446944,-0.15621043289631056,-0.08770144919318176,0.053168026640784925,0.020515116892924744,-0.0080239349743719,0.01348669521336731,-0.15621043289631056,0.014466379889620438,-0.07846205050165644,0.007792596741150206,0.0012896004164774713,0.016483948387437216,-0.08770144919318176,0.014466379889620419,-0.0498506493830198,-0.03134605054644967,0.011714275178755666,0.011243689686819535,0.053168026640784925,-0.07846205050165644,-0.0498506493830198,-0.017056913573854183,0.003730599064366163,0.0020352364051297316,0.020515116892924744,0.0077925967411502095,-0.03134605054644967,-0.017056913573854183
5.05050505050505,-6.479912496342031e-17,9.879503034457442e-17,5.866410604240369e-17,-9.87794610705723e-18,6.4300669832001725e-18,-1.3123760261944562e-16,-6.919468480742234e-17,-6.776948054175683e-17,5.212585125822692e-17,5.099090185148816e-18,9.653173334122257e-17,-3.6886633631049164e-17,7.113446232415916e-17,-8.201747971104068e-17,-9.690456353640022e-17,-2.2012820743932325e-17,3.9652184560479807e-17,3.252672335508784e-19,4.568969898103e-17,-1.4392328739512786e-17,-8.028390951473271e-17,3.108248631676485e-17,-1.1313406414359654e-16,3.1164414407606016e-17,-2.262289700132417e-17,9.449201105858131e-17,-5.570148726242027e-17,3.3722062996835606e-17,2.702702556950938e-17,-1.864893916859791e-17,-5.594286464619469e-18,7.487445653716006e-17,4.377503693164268e-17,-8.498023811018062e-17,-2.7696791607904095e-17,2.9467065359063057e-17,-1.8575637687915954e-16,-1.0440534938510887e-16,7.324325459957389e-20,2.976779872484916e-17,-3.790200045450533e-18,7.598691850620902e-18
10.1010101010101,-6.479912495680459e-17,9.879503033458993e-17,5.866410603623047e-17,-9.877946106033501e-18,6.430066982423237e-18,-1.3123760260612085e-16,-6.919468479954819e-17,-6.77694805347578e-17,5.212585125337273e-17,5.099090184373988e-18,9.653173333159038e-17,-3.688663362712131e-17,7.113446231762348e-17,-8.201747970254753e-17,-9.690456352711598e-17,-2.201282074128804e-17,3.965218455651149e-17,3.252672332268509e-19,4.568969897670386e-17,-1.4392328737495006e-17,-8.028390950637742e-17,3.108248631371275e-17,-1.131340641321229e-16,3.1164414403977694e-17,-2.2622896998826243e-17,9.449201104908232e-17,-5.57014872571307e-17,3.372206299305521e-17,2.702702556638481e-17,-1.8648939167117012e-17,-5.5942864647066805e-18,7.487445652965629e-17,4.377503692761618e-17,-8.498023810133967e-17,-2.769679160608051e-17,2.9467065355994764e-17,-1.8575637686004428e-16,-1.0440534937500288e-16,7.324325381829447e-20,2.976779872138091e-17,-3.790200045247984e-18,7.598691849765864e-18
15.15151515151515,-6.479912495018887e-17,9.879503032460546e-17,5.866410603005729e-17,-9.877946105009778e-18,6.430066981646304e-18,-1.3123760259279613e-16,-6.919468479167405e-17,-6.776948052775879e-17,5.212585124851853e-17,5.099090183599163e-18,9.653173332195818e-17,-3.6886633623193465e-17,7.11344623110878e-17,-8.201747969405437e-17,-9.690456351783176e-17,-2.201282073864376e-17,3.965218455254318e-17,3.2526723290282334e-19,4.5689698972377734e-17,-1.4392328735477223e-17,-8.02839094980221e-17,3.1082486310660655e-17,-1.1313406412064926e-16,3.116441440034939e-17,-2.262289699632832e-17,9.449201103958333e-17,-5.570148725184114e-17,3.3722062989274824e-17,2.702702556326024e-17,-1.864893916563611e-17,-5.5942864647938935e-18,7.487445652215253e-17,4.377503692358968e-17,-8.498023809249874e-17,-2.7696791604256923e-17,2.946706535292646e-17,-1.8575637684092902e-16,-1.0440534936489686e-16,7.324325303701506e-20,2.976779871791267e-17,-3.790200045045433e-18,7.598691848910829e-18
20.2020202020202,-6.479912494357313e-17,9.879503031462099e-17,5.866410602388407e-17,-9.87794610398605e-18,6.430066980869369e-18,-1.3123760257947135e-16,-6.91946847837999e-17,-6.776948052075976e-17,5.212585124366432e-17,5.099090182824337e-18,9.6531733312326e-17,-3.6886633619265603e-17,7.113446230455212e-17,-8.201747968556119e-17,-9.690456350854751e-17,-2.201282073599947e-17,3.9652184548574867e-17,3.2526723257879583e-19,4.5689698968051596e-17,-1.4392328733459437e-17,-8.02839094896668e-17,3.108248630760855e-17,-1.1313406410917558e-16,3.116441439672108e-17,-2.26228969938304e-17,9.449201103008433e-17,-5.570148724655158e-17,3.3722062985494436e-17,2.702702556013567e-17,-1.8648939164155216e-17,-5.5942864648811066e-18,7.487445651464879e-17,4.377503691956318e-17,-8.498023808365778e-17,-2.7696791602433332e-17,2.9467065349858153e-17,-1.8575637682181376e-16,-1.0440534935479082e-16,7.324325225573563e-20,2.9767798714444433e-17,-3.790200044842882e-18,7.598691848055793e-18
25.252525252525253,-1.5182966090421777e-16,3.818629813404633e-18,6.054807057334235e-17,1.1337533385592788e-17,8.141273177592161e-17,-7.717066418944899e-17,-1.3577653356894525e-16,-1.68974038539515e-17,-1.5293380073894586e-16,6.858842891269141e-17,1.0583733418279686e-16,3.090195931515243e-17,-4.0320595535561675e-18,-3.724829742328354e-17,3.006525740455195e-17,5.829859773376177e-17,-1.331117111879812e-16,5.966911020935553e-17,4.856964146099551e-17,-2.0153902456070574e-16,7.46013962350572e-17,-1.1159068816471181e-17,-1.0162560591305562e-16,7.485570043802317e-18,-2.1378189975156614e-17,1.1894582787714385e-16,-1.2793064961935702e-17,1.6359000407351015e-17,4.206799953706431e-17,4.323714393339526e-18,7.320553545103223e-17,6.266854957117434e-17,-1.4912352784159068e-16,-1.2325351996275222e-16,4.142671826684021e-17,-8.594806727464167e-17,-1.2728553258490247e-16,-3.8525483362177016e-17,6.476508060386495e-17,2.478418945869687e-17,2.469314798220127e-17,-1.161768067224131e-16
30.3030303030303,1.5261313092023255e-17,1.765856261483069e-17,-2.8288441602396255e-17,2.1036121428920532e-17,3.700812345986505e-17,1.3198499711788264e-16,-1.88488465633403e-17,2.5935535770421684e-17,3.583763493995821e-18,7.436667051206525e-17,-5.756339620170048e-17,4.582711981267247e-17,8.892966822809317e-18,2.7477752214116684e-17,-4.820073412860161e-17,-8.955249315496854e-18,-1.3766894205662605e-17,-4.0817035164974414e-17,1.0857009246897996e-17,-7.030785228273051e-17,-5.9578028563981945e-18,2.0241364898919064e-16,-1.264958173193873e-16,-1.6115396992430709e-16,4.970168013771043e-19,1.5617201385292918e-16,-3.914360740764336e-17,1.6659239902634098e-16,1.1245082114614837e-16,8.066198661295435e-17,2.800099067726512e-17,-8.903072710240814e-17,-2.3371373314755453e-17,-7.188603298308308e-17,5.815963722661052e-17,-1.1918362181505698e-16,9.146247536296485e-17,3.156503048558237e-17,-2.735702340065997e-18,-1.2673499727588186e-16,8.298083983646587e-17,-1.5691018126817068e-16
35.35353535353535,1.5261313085579534e-17,1.765856260943536e-17,-2.8288441592810516e-17,2.1036121421674204e-17,3.700812344933157e-17,1.3198499707444791e-16,-1.8848846558757923e-17,2.593553576149559e-17,3.583763491664848e-18,7.436667048961365e-17,-5.756339618375158e-17,4.582711979702902e-17,8.892966820191562e-18,2.747775220629766e-17,-4.820073411329454e-17,-8.955249313649234e-18,-1.3766894201366422e-17,-4.081703515050846e-17,1.0857009243880608e-17,-7.030785226062468e-17,-5.95780285498044e-18,2.024136489251678e-16,-1.264958172788772e-16,-1.6115396987213012e-16,4.970168008773944e-19,1.5617201380373473e-16,-3.9143607394548967e-17,1.6659239897493508e-16,1.1245082111066294e-16,8.066198659014002e-17,2.800099067002699e-17,-8.903072707477922e-17,-2.3371373309025688e-17,-7.188603296219251e-17,5.815963721044985e-17,-1.1918362177674275e-16,9.146247533169896e-17,3.156503047609809e-17,-2.7357023384178376e-18,-1.2673499723515585e-16,8.298083981152177e-17,-1.5691018121785324e-16
40.4040404040404,-1.5182966072271557e-16,3.8186298087489125e-18,6.054807050094292e-17,1.1337533371937139e-17,8.14127316787048e-17,-7.717066409694153e-17,-1.3577653340688627e-16,-1.6897403833833188e-17,-1.5293380055652156e-16,6.858842883101288e-17,1.0583733405612297e-16,3.0901959278251145e-17,-4.032059549061278e-18,-3.724829737881532e-17,3.0065257368645493e-17,5.829859766392542e-17,-1.3311171102896497e-16,5.966911013812934e-17,4.8569641402791464e-17,-2.01539024319939e-16,7.460139614577724e-17,-1.1159068803294571e-17,-1.0162560579154221e-16,7.48557003488568e-18,-2.1378189949532446e-17,1.189458277347408e-16,-1.2793064946512855e-17,1.6359000387854256e-17,4.206799948667091e-17,4.323714388301278e-18,7.320553536362156e-17,6.26685494961137e-17,-1.491235276635751e-16,-1.232535198157486e-16,4.142671821755604e-17,-8.594806717200959e-17,-1.2728553243268887e-16,-3.8525483315835345e-17,6.476508052660245e-17,2.4784189429110712e-17,2.469314795272668e-17,-1.1617680658375685e-16
45.45454545454545,-1.5182966063611676e-16,3.8186298075921135e-18,6.054807046661351e-17,1.133753336662205e-17,8.141273163107007e-17,-7.717066405579448e-17,-1.357765333265999e-16,-1.6897403823279878e-17,-1.5293380046481835e-16,6.858842878835666e-17,1.0583733399747118e-16,3.090195926017642e-17,-4.032059543104471e-18,-3.724829735689941e-17,3.0065257351108665e-17,5.829859763229631e-17,-1.331117109518058e-16,5.96691101029235e-17,4.856964137668901e-17,-2.0153902420319112e-16,7.460139610434013e-17,-1.1159068795093082e-17,-1.0162560573387961e-16,7.485570030257791e-18,-2.1378189938103395e-17,1.189458276692735e-16,-1.2793064940673568e-17,1.635900037785628e-17,4.20679994638453e-17,4.3237143843678905e-18,7.320553532072417e-17,6.266854946199541e-17,-1.4912352757568992e-16,-1.2325351974164987e-16,4.142671819124289e-17,-8.594806712171543e-17,-1.2728553236067687e-16,-3.852548329708982e-17,6.476508048786499e-17,2.478418941450576e-17,2.4693147938142934e-17,-1.1617680651495888e-16
50.505050505050505,-1.5182966054951802e-16,3.818629806435314e-18,6.054807043228414e-17,1.1337533361306957e-17,8.141273158343538e-17,-7.717066401464743e-17,-1.3577653324631354e-16,-1.689740381272656e-17,-1.529338003731151e-16,6.858842874570043e-17,1.0583733393881943e-16,3.0901959242101693e-17,-4.032059537147663e-18,-3.724829733498351e-17,3.006525733357183e-17,5.82985976006672e-17,-1.3311171087464664e-16,5.966911006771767e-17,4.8569641350586553e-17,-2.0153902408644328e-16,7.460139606290304e-17,-1.1159068786891594e-17,-1.0162560567621699e-16,7.4855700256299e-18,-2.1378189926674338e-17,1.1894582760380618e-16,-1.2793064934834281e-17,1.63590003678583e-17,4.2067999441019697e-17,4.323714380434503e-18,7.320553527782675e-17,6.266854942787712e-17,-1.4912352748780475e-16,-1.232535196675511e-16,4.142671816492973e-17,-8.594806707142131e-17,-1.2728553228866489e-16,-3.852548327834432e-17,6.476508044912753e-17,2.478418939990081e-17,2.469314792355919e-17,-1.1617680644616092e-16
55.55555555555555,-2.7484206891479778e-17,-5.908291861549935e-17,-1.5809964096827333e-17,1.7970407193018094e-17,2.9554752065183786e-18,9.186241471316777e-17,-6.075733353903186e-17,4.6571454618957905e-17,-1.0744308652179786e-16,-7.864471279104762e-18,3.664381526131285e-17,9.8109515739345e-17,-5.2206782785457197e-17,4.129022970304238e-17,1.4143434207507583e-16,4.43944235372459e-17,-1.5229272079117657e-16,4.690283093763225e-17,-1.931767223179767e-17,-1.6274449160150812e-16,1.2519030850769643e-16,-5.653808909379869e-17,-1.4438377530840785e-17,2.5787980928561123e-17,-1.2954266358654437e-17,1.2962510941251942e-17,5.810701748304388e-17,-6.580330397265009e-17,3.197961566663785e-17,2.5184698186170815e-17,3.201632917228643e-18,-1.515655536786528e-17,-1.3916918453579998e-16,-1.958601439025671e-17,5.451953806778023e-17,-7.662880149512176e-17,6.66688963311465e-17,5.59644687006248e-17,5.445779358967986e-17,1.225064564744275e-17,6.622876336872733e-18,-7.855984347374135e-17
60.6060606060606,-1.5182966044866738e-16,3.818629804735459e-18,6.054807039223411e-17,1.1337533354719485e-17,8.141273152837549e-17,-7.7170663965738e-17,-1.3577653315379615e-16,-1.689740380075264e-17,-1.5293380026786522e-16,6.85884286972451e-17,1.0583733386992304e-16,3.0901959221207473e-17,-4.032059531473469e-18,-3.724829730969242e-17,3.006525731328309e-17,5.829859756327244e-17,-1.331117107852161e-16,5.966911002712279e-17,4.856964131963572e-17,-2.0153902395110216e-16,7.460139601426205e-17,-1.1159068777974657e-17,-1.0162560560896056e-16,7.485570020364137e-18,-2.137818991310038e-17,1.1894582752674428e-16,-1.2793064927530668e-17,1.6359000356445374e-17,4.2067999414034004e-17,4.323714376360502e-18,7.320553522826441e-17,6.266854938758236e-17,-1.491235273864333e-16,-1.2325351958256956e-16,4.142671813521326e-17,-8.594806701328937e-17,-1.2728553220459867e-16,-3.8525483255398936e-17,6.476508040463566e-17,2.478418938305418e-17,2.469314790674787e-17,-1.161768063669159e-16
65.65656565656565,-2.748420687062073e-17,-5.908291857633463e-17,-1.5809964087580783e-17,1.7970407181956973e-17,2.9554752023322235e-18,9.186241465447987e-17,-6.075733349694129e-17,4.65714545903538e-17,-1.0744308644945475e-16,-7.864471274568519e-18,3.664381523656103e-17,9.810951567515476e-17,-5.2206782750318257e-17,4.12902296759865e-17,1.4143434198330532e-16,4.4394423510364725e-17,-1.5229272068965184e-16,4.690283090325389e-17,-1.9317672219665873e-17,-1.6274449149523803e-16,1.2519030842699894e-16,-5.653808905305474e-17,-1.4438377522092336e-17,2.5787980908368497e-17,-1.2954266351764362e-17,1.2962510935951646e-17,5.810701744501117e-17,-6.580330392787578e-17,3.197961564989769e-17,2.518469817027363e-17,3.2016329124234026e-18,-1.5156555358899313e-17,-1.3916918444310783e-16,-1.9586014375772555e-17,5.45195380318377e-17,-7.662880144575023e-17,6.666889629124569e-17,5.596446866301958e-17,5.445779355328019e-17,1.22506456381458e-17,6.622876334946761e-18,-7.855984342084085e-17
70.7070707070707,-1.5182966034781667e-16,3.818629803035604e-18,6.054807035218409e-17,1.133753334813201e-17,8.14127314733156e-17,-7.717066391682853e-17,-1.3577653306127884e-16,-1.689740378877871e-17,-1.5293380016261535e-16,6.858842864878977e-17,1.0583733380102663e-16,3.090195920031326e-17,-4.032059525799274e-18,-3.7248297284401344e-17,3.006525729299434e-17,5.829859752587767e-17,-1.3311171069578554e-16,5.96691099865279e-17,4.856964128868488e-17,-2.01539023815761e-16,7.460139596562107e-17,-1.1159068769057715e-17,-1.016256055417041e-16,7.485570015098373e-18,-2.1378189899526424e-17,1.1894582744968239e-16,-1.2793064920227058e-17,1.6359000345032445e-17,4.206799938704832e-17,4.3237143722864996e-18,7.320553517870205e-17,6.266854934728762e-17,-1.4912352728506178e-16,-1.2325351949758799e-16,4.1426718105496784e-17,-8.594806695515745e-17,-1.2728553212053245e-16,-3.852548323245356e-17,6.47650803601438e-17,2.4784189366207544e-17,2.4693147889936544e-17,-1.1617680628767082e-16
75.75757575757575,-1.518296602612179e-16,3.818629801878804e-18,6.05480703178547e-17,1.1337533342816918e-17,8.141273142568089e-17,-7.71706638756815e-17,-1.3577653298099247e-16,-1.68974037782254e-17,-1.529338000709121e-16,6.858842860613353e-17,1.0583733374237489e-16,3.090195918223853e-17,-4.0320595198424664e-18,-3.724829726248544e-17,3.006525727545752e-17,5.829859749424857e-17,-1.3311171061862637e-16,5.966910995132207e-17,4.8569641262582426e-17,-2.0153902369901313e-16,7.460139592418397e-17,-1.1159068760856229e-17,-1.0162560548404152e-16,7.485570010470483e-18,-2.1378189888097367e-17,1.1894582738421507e-16,-1.279306491438777e-17,1.635900033503447e-17,4.206799936422271e-17,4.323714368353112e-18,7.320553513580465e-17,6.266854931316933e-17,-1.4912352719717661e-16,-1.2325351942348925e-16,4.1426718079183626e-17,-8.59480669048633e-17,-1.2728553204852044e-16,-3.8525483213708044e-17,6.476508032140634e-17,2.4784189351602598e-17,2.4693147875352798e-17,-1.1617680621887286e-16
80.8080808080808,-1.5182966017461915e-16,3.818629800722005e-18,6.054807028352531e-17,1.1337533337501829e-17,8.14127313780462e-17,-7.717066383453444e-17,-1.3577653290070608e-16,-1.6897403767672084e-17,-1.529337999792089e-16,6.858842856347731e-17,1.0583733368372312e-16,3.09019591641638e-17,-4.032059513885659e-18,-3.7248297240569526e-17,3.006525725792069e-17,5.829859746261947e-17,-1.331117105414672e-16,5.966910991611623e-17,4.856964123647997e-17,-2.015390235822653e-16,7.460139588274688e-17,-1.115906875265474e-17,-1.0162560542637891e-16,7.485570005842592e-18,-2.137818987666831e-17,1.1894582731874772e-16,-1.2793064908548483e-17,1.635900032503649e-17,4.2067999341397103e-17,4.323714364419724e-18,7.320553509290724e-17,6.266854927905104e-17,-1.4912352710929144e-16,-1.2325351934939048e-16,4.1426718052870474e-17,-8.594806685456916e-17,-1.2728553197650846e-16,-3.8525483194962533e-17,6.476508028266889e-17,2.4784189336997652e-17,2.4693147860769056e-17,-1.1617680615007492e-16
85.85858585858585,-1.5182966008802042e-16,3.818629799565205e-18,6.054807024919592e-17,1.1337533332186736e-17,8.141273133041152e-17,-7.717066379338741e-17,-1.357765328204197e-16,-1.6897403757118773e-17,-1.5293379988750566e-16,6.85884285208211e-17,1.0583733362507135e-16,3.0901959146089075e-17,-4.032059507928852e-18,-3.724829721865362e-17,3.006525724038386e-17,5.829859743099036e-17,-1.3311171046430802e-16,5.96691098809104e-17,4.856964121037751e-17,-2.015390234655174e-16,7.460139584130979e-17,-1.115906874445325e-17,-1.0162560536871631e-16,7.485570001214701e-18,-2.1378189865239256e-17,1.1894582725328045e-16,-1.27930649027092e-17,1.6359000315038512e-17,4.20679993185715e-17,4.3237143604863376e-18,7.320553505000985e-17,6.266854924493274e-17,-1.4912352702140627e-16,-1.2325351927529172e-16,4.142671802655732e-17,-8.594806680427502e-17,-1.2728553190449648e-16,-3.852548317621701e-17,6.476508024393142e-17,2.47841893223927e-17,2.4693147846185317e-17,-1.1617680608127696e-16
90.9090909090909,-1.5182966000142163e-16,3.818629798408405e-18,6.054807021486653e-17,1.1337533326871647e-17,8.141273128277681e-17,-7.717066375224035e-17,-1.357765327401333e-16,-1.689740374656546e-17,-1.529337997958024e-16,6.858842847816486e-17,1.058373335664196e-16,3.090195912801435e-17,-4.032059501972045e-18,-3.7248297196737715e-17,3.006525722284704e-17,5.829859739936127e-17,-1.3311171038714887e-16,5.966910984570457e-17,4.856964118427505e-17,-2.0153902334876951e-16,7.460139579987268e-17,-1.1159068736251762e-17,-1.0162560531105371e-16,7.48556999658681e-18,-2.13781898538102e-17,1.1894582718781316e-16,-1.2793064896869912e-17,1.6359000305040532e-17,4.2067999295745895e-17,4.323714356552949e-18,7.320553500711246e-17,6.266854921081445e-17,-1.491235269335211e-16,-1.2325351920119298e-16,4.1426718000244164e-17,-8.594806675398088e-17,-1.272855318324845e-16,-3.8525483157471506e-17,6.476508020519398e-17,2.4784189307787747e-17,2.469314783160157e-17,-1.1617680601247901e-16
95.95959595959596,-1.518296599148229e-16,3.818629797251605e-18,6.054807018053712e-17,1.1337533321556555e-17,8.14127312351421e-17,-7.717066371109331e-17,-1.3577653265984688e-16,-1.6897403736012146e-17,-1.529337997040992e-16,6.858842843550864e-17,1.0583733350776784e-16,3.0901959109939616e-17,-4.032059496015238e-18,-3.7248297174821803e-17,3.0065257205310203e-17,5.829859736773217e-17,-1.331117103099897e-16,5.966910981049873e-17,4.85696411581726e-17,-2.015390232320217e-16,7.460139575843559e-17,-1.1159068728050274e-17,-1.0162560525339112e-16,7.48556999195892e-18,-2.137818984238114e-17,1.1894582712234584e-16,-1.2793064891030625e-17,1.6359000295042555e-17,4.2067999272920285e-17,4.323714352619562e-18,7.320553496421505e-17,6.266854917669616e-17,-1.4912352684563596e-16,-1.232535191270942e-16,4.1426717973931006e-17,-8.594806670368673e-17,-1.272855317604725e-16,-3.852548313872599e-17,6.476508016645652e-17,2.4784189293182798e-17,2.4693147817017832e-17,-1.1617680594368105e-16
101.01010101010101,-1.5182965982822411e-16,3.8186297960948055e-18,6.054807014620773e-17,1.1337533316241466e-17,8.141273118750741e-17,-7.717066366994627e-17,-1.357765325795605e-16,-1.6897403725458833e-17,-1.5293379961239594e-16,6.858842839285242e-17,1.0583733344911607e-16,3.090195909186489e-17,-4.0320594900584306e-18,-3.7248297152905904e-17,3.0065257187773376e-17,5.829859733610308e-17,-1.3311171023283052e-16,5.96691097752929e-17,4.8569641132070135e-17,-2.0153902311527378e-16,7.460139571699849e-17,-1.1159068719848786e-17,-1.0162560519572853e-16,7.485569987331028e-18,-2.137818983095209e-17,1.1894582705687852e-16,-1.2793064885191337e-17,1.6359000285044575e-17,4.206799925009468e-17,4.323714348686174e-18,7.320553492131767e-17,6.266854914257787e-17,-1.4912352675775082e-16,-1.2325351905299545e-16,4.142671794761785e-17,-8.594806665339259e-17,-1.272855316884605e-16,-3.852548311998048e-17,6.476508012771907e-17,2.478418927857785e-17,2.469314780243409e-17,-1.161768058748831e-16
106.06060606060605,-6.913651941660796e-17,2.5503892229400252e-17,1.459164250283131e-17,1.381818282372132e-17,2.6393462269081566e-18,-1.0468020610389272e-16,-6.206251401156508e-17,2.2568110133882712e-17,-8.674252062296169e-17,-2.5824959119438036e-17,1.160019728016431e-16,-2.3644003384648656e-17,2.561676173036928e-18,-6.699362283241854e-18,1.3318637549137523e-16,8.418371001062417e-17,-9.136564105777137e-17,4.5163700516745237e-17,6.899016594829863e-17,-6.228736311690155e-17,1.5090427406599334e-16,-1.2780150728896009e-16,1.91765004807756e-17,1.3727634801253481e-16,9.756458450781367e-18,-2.2317772942548625e-17,2.7784037616435616e-17,-1.1965338420326578e-16,-1.754681209793074e-17,-2.6507967875218128e-17,2.207866185668729e-17,8.789033874996062e-17,-1.0111893687973378e-16,1.0418005617930603e-17,-8.63347656996567e-18,6.659414427529265e-17,-1.24278187940366e-16,-2.860499680497314e-17,6.895555098419025e-18,1.0078347142318379e-16,-4.1411308701751334e-17,3.125217353003238e-17
111.1111111111111,-1.5182965967148085e-16,3.818629794164469e-18,6.054807008410459e-17,1.1337533306805493e-17,8.14127311010969e-17,-7.717066359592953e-17,-1.3577653243378742e-16,-1.6897403706210843e-17,-1.5293379944569738e-16,6.858842831507896e-17,1.0583733334323116e-16,3.090195905907783e-17,-4.032059478691272e-18,-3.724829711313088e-17,3.006525715596962e-17,5.82985972791143e-17,-1.3311171009297492e-16,5.966910971138287e-17,4.856964108508096e-17,-2.0153902290367328e-16,7.460139564217576e-17,-1.115906870471014e-17,-1.0162560509140779e-16,7.48556997889721e-18,-2.137818981038791e-17,1.1894582693876333e-16,-1.2793064874855555e-17,1.6359000266841474e-17,4.206799920896752e-17,4.3237143413319035e-18,7.320553484349061e-17,6.266854908108421e-17,-1.491235265982262e-16,-1.2325351891826905e-16,4.1426717899561464e-17,-8.594806656215686e-17,-1.272855315582133e-16,-3.8525483086567936e-17,6.476508005731677e-17,2.4784189252067928e-17,2.4693147775957637e-17,-1.1617680574995353e-16
116.16161616161615,-1.5182965958488207e-16,3.818629793007669e-18,6.05480700497752e-17,1.1337533301490402e-17,8.141273105346219e-17,-7.717066355478247e-17,-1.3577653235350103e-16,-1.689740369565753e-17,-1.5293379935399415e-16,6.858842827242274e-17,1.058373332845794e-16,3.0901959041003096e-17,-4.032059472734465e-18,-3.724829709121498e-17,3.0065257138432794e-17,5.829859724748519e-17,-1.3311171001581574e-16,5.966910967617703e-17,4.8569641058978505e-17,-2.015390227869254e-16,7.460139560073866e-17,-1.1159068696508652e-17,-1.0162560503374519e-16,7.485569974269319e-18,-2.1378189798958855e-17,1.1894582687329601e-16,-1.2793064869016266e-17,1.6359000256843494e-17,4.2067999186141906e-17,4.323714337398515e-18,7.32055348005932e-17,6.26685490469659e-17,-1.4912352651034104e-16,-1.2325351884417026e-16,4.1426717873248306e-17,-8.594806651186271e-17,-1.2728553148620128e-16,-3.8525483067822425e-17,6.476508001857931e-17,2.4784189237462976e-17,2.4693147761373888e-17,-1.1617680568115556e-16
121.2121212121212,-1.518296594982833e-16,3.818629791850869e-18,6.054807001544579e-17,1.133753329617531e-17,8.14127310058275e-17,-7.717066351363543e-17,-1.3577653227321464e-16,-1.6897403685104216e-17,-1.529337992622909e-16,6.858842822976649e-17,1.0583733322592764e-16,3.0901959022928363e-17,-4.032059466777657e-18,-3.7248297069299054e-17,3.006525712089596e-17,5.82985972158561e-17,-1.3311170993865657e-16,5.96691096409712e-17,4.856964103287604e-17,-2.015390226701775e-16,7.460139555930156e-17,-1.1159068688307163e-17,-1.0162560497608259e-16,7.485569969641428e-18,-2.1378189787529792e-17,1.189458268078287e-16,-1.279306486317698e-17,1.6359000246845514e-17,4.2067999163316296e-17,4.323714333465128e-18,7.32055347576958e-17,6.266854901284762e-17,-1.4912352642245587e-16,-1.2325351877007152e-16,4.1426717846935154e-17,-8.594806646156855e-17,-1.272855314141893e-16,-3.852548304907691e-17,6.476507997984184e-17,2.4784189222858024e-17,2.4693147746790146e-17,-1.161768056123576e-16
126.26262626262626,-1.5182965941168455e-16,3.8186297906940696e-18,6.05480699811164e-17,1.133753329086022e-17,8.141273095819278e-17,-7.717066347248838e-17,-1.3577653219292824e-16,-1.68974036745509e-17,-1.5293379917058766e-16,6.858842818711028e-17,1.0583733316727587e-16,3.090195900485364e-17,-4.03205946082085e-18,-3.7248297047383154e-17,3.006525710335914e-17,5.829859718422699e-17,-1.3311170986149737e-16,5.966910960576536e-17,4.856964100677358e-17,-2.0153902255342964e-16,7.460139551786447e-17,-1.1159068680105675e-17,-1.0162560491841999e-16,7.485569965013537e-18,-2.1378189776100735e-17,1.189458267423614e-16,-1.2793064857337692e-17,1.6359000236847537e-17,4.206799914049069e-17,4.323714329531739e-18,7.32055347147984e-17,6.266854897872933e-17,-1.4912352633457072e-16,-1.2325351869597275e-16,4.1426717820621984e-17,-8.594806641127443e-17,-1.2728553134217732e-16,-3.852548303033139e-17,6.476507994110439e-17,2.4784189208253075e-17,2.4693147732206404e-17,-1.1617680554355963e-16
131.3131313131313,-6.913651921502348e-17,2.5503892155510224e-17,1.459164246349347e-17,1.3818182788503187e-17,2.639346215816098e-18,-1.0468020581038318e-16,-6.206251381536167e-17,2.2568110089482287e-17,-8.674252036642383e-17,-2.582495905333438e-17,1.1600197247137845e-16,-2.3644003310103914e-17,2.5616761820203094e-18,-6.699362248498384e-18,1.3318637513479558e-16,8.418370979379419e-17,-9.136564080648349e-17,4.5163700381683233e-17,6.899016575656985e-17,-6.228736293615894e-17,1.509042736632894e-16,-1.2780150693052755e-16,1.9176500429116524e-17,1.3727634762818588e-16,9.756458425911774e-18,-2.2317772866348032e-17,2.77840375344442e-17,-1.19653383883185e-16,-1.7546812038905156e-17,-2.6507967808465097e-17,2.2078661783247095e-17,8.789033849725964e-17,-1.0111893659810273e-16,1.0418005607971048e-17,-8.633476546927857e-18,6.659414408852378e-17,-1.2427818758386538e-16,-2.8604996738024706e-17,6.895555069205493e-18,1.0078347112893788e-16,-4.1411308592449516e-17,3.1252173442976216e-17
136.36363636363635,-1.518296592549413e-16,3.818629788763732e-18,6.054806991901324e-17,1.1337533281424249e-17,8.141273087178226e-17,-7.717066339847165e-17,-1.3577653204715513e-16,-1.689740365530291e-17,-1.529337990038891e-16,6.858842810933682e-17,1.0583733306139093e-16,3.0901958972066575e-17,-4.032059449453691e-18,-3.7248297007608134e-17,3.006525707155538e-17,5.829859712723821e-17,-1.331117097216418e-16,5.966910954185533e-17,4.85696409597844e-17,-2.0153902234182914e-16,7.460139544304175e-17,-1.1159068664967029e-17,-1.0162560481409926e-16,7.485569956579719e-18,-2.137818975553656e-17,1.189458266242462e-16,-1.279306484700191e-17,1.6359000218644433e-17,4.206799909936354e-17,4.323714322177468e-18,7.320553463697135e-17,6.266854891723566e-17,-1.4912352617504609e-16,-1.2325351856124636e-16,4.14267177725656e-17,-8.594806632003867e-17,-1.2728553121193008e-16,-3.852548299691884e-17,6.47650798707021e-17,2.478418918174315e-17,2.4693147705729945e-17,-1.1617680541863005e-16
141.4141414141414,-1.518296591683425e-16,3.8186297876069326e-18,6.054806988468384e-17,1.1337533276109157e-17,8.141273082414757e-17,-7.717066335732459e-17,-1.3577653196686879e-16,-1.68974036447496e-17,-1.5293379891218587e-16,6.858842806668059e-17,1.0583733300273918e-16,3.090195895399184e-17,-4.032059443496884e-18,-3.724829698569223e-17,3.0065257054018545e-17,5.82985970956091e-17,-1.331117096444826e-16,5.966910950664949e-17,4.856964093368195e-17,-2.0153902222508126e-16,7.460139540160464e-17,-1.115906865676554e-17,-1.0162560475643667e-16,7.485569951951826e-18,-2.1378189744107507e-17,1.1894582655877887e-16,-1.2793064841162623e-17,1.6359000208646453e-17,4.206799907653793e-17,4.32371431824408e-18,7.320553459407393e-17,6.266854888311737e-17,-1.4912352608716094e-16,-1.232535184871476e-16,4.142671774625244e-17,-8.594806626974452e-17,-1.272855311399181e-16,-3.852548297817333e-17,6.476507983196463e-17,2.4784189167138202e-17,2.4693147691146206e-17,-1.1617680534983208e-16
146.46464646464645,-1.5182965908174377e-16,3.818629786450133e-18,6.054806985035445e-17,1.1337533270794066e-17,8.141273077651287e-17,-7.717066331617754e-17,-1.357765318865824e-16,-1.689740363419628e-17,-1.5293379882048263e-16,6.858842802402436e-17,1.0583733294408741e-16,3.0901958935917116e-17,-4.032059437540077e-18,-3.7248296963776317e-17,3.0065257036481724e-17,5.829859706398e-17,-1.3311170956732342e-16,5.966910947144366e-17,4.8569640907579495e-17,-2.0153902210833337e-16,7.460139536016754e-17,-1.1159068648564053e-17,-1.0162560469877406e-16,7.485569947323937e-18,-2.137818973267845e-17,1.1894582649331158e-16,-1.2793064835323337e-17,1.6359000198648476e-17,4.206799905371233e-17,4.3237143143106935e-18,7.320553455117654e-17,6.266854884899907e-17,-1.4912352599927577e-16,-1.2325351841304883e-16,4.142671771993929e-17,-8.59480662194504e-17,-1.272855310679061e-16,-3.8525482959427815e-17,6.476507979322717e-17,2.4784189152533253e-17,2.4693147676562463e-17,-1.1617680528103414e-16
151.5151515151515,-1.5182965899514502e-16,3.818629785293334e-18,6.054806981602507e-17,1.1337533265478976e-17,8.141273072887817e-17,-7.71706632750305e-17,-1.35776531806296e-16,-1.689740362364297e-17,-1.529337987287794e-16,6.858842798136815e-17,1.0583733288543566e-16,3.090195891784239e-17,-4.03205943158327e-18,-3.724829694186041e-17,3.0065257018944896e-17,5.829859703235092e-17,-1.3311170949016425e-16,5.966910943623782e-17,4.856964088147703e-17,-2.015390219915855e-16,7.460139531873045e-17,-1.1159068640362563e-17,-1.0162560464111147e-16,7.485569942696046e-18,-2.1378189721249393e-17,1.1894582642784428e-16,-1.279306482948405e-17,1.6359000188650502e-17,4.206799903088672e-17,4.323714310377307e-18,7.320553450827915e-17,6.266854881488078e-17,-1.491235259113906e-16,-1.2325351833895009e-16,4.1426717693626126e-17,-8.594806616915625e-17,-1.272855309958941e-16,-3.852548294068231e-17,6.476507975448971e-17,2.47841891379283e-17,2.4693147661978724e-17,-1.1617680521223618e-16
156.56565656565655,-1.5182965890854628e-16,3.818629784136534e-18,6.054806978169568e-17,1.1337533260163887e-17,8.141273068124349e-17,-7.717066323388346e-17,-1.3577653172600963e-16,-1.689740361308966e-17,-1.5293379863707617e-16,6.858842793871194e-17,1.058373328267839e-16,3.0901958899767664e-17,-4.0320594256264635e-18,-3.724829691994451e-17,3.006525700140807e-17,5.829859700072181e-17,-1.331117094130051e-16,5.9669109401032e-17,4.8569640855374584e-17,-2.0153902187483766e-16,7.460139527729337e-17,-1.1159068632161075e-17,-1.0162560458344888e-16,7.485569938068155e-18,-2.1378189709820343e-17,1.1894582636237699e-16,-1.2793064823644765e-17,1.6359000178652522e-17,4.2067999008061123e-17,4.323714306443919e-18,7.320553446538175e-17,6.26685487807625e-17,-1.4912352582350546e-16,-1.2325351826485132e-16,4.142671766731298e-17,-8.594806611886212e-17,-1.2728553092388215e-16,-3.85254829219368e-17,6.476507971575227e-17,2.4784189123323354e-17,2.4693147647394985e-17,-1.1617680514343826e-16
161.6161616161616,-1.518296588219475e-16,3.818629782979734e-18,6.054806974736628e-17,1.1337533254848795e-17,8.141273063360878e-17,-7.717066319273641e-17,-1.3577653164572322e-16,-1.6897403602536345e-17,-1.5293379854537294e-16,6.85884278960557e-17,1.0583733276813214e-16,3.090195888169293e-17,-4.032059419669656e-18,-3.7248296898028594e-17,3.006525698387124e-17,5.829859696909272e-17,-1.3311170933584594e-16,5.966910936582617e-17,4.8569640829272126e-17,-2.015390217580898e-16,7.460139523585627e-17,-1.1159068623959589e-17,-1.0162560452578629e-16,7.485569933440264e-18,-2.1378189698391283e-17,1.1894582629690967e-16,-1.2793064817805478e-17,1.6359000168654546e-17,4.2067998985235513e-17,4.3237143025105315e-18,7.320553442248435e-17,6.26685487466442e-17,-1.4912352573562031e-16,-1.2325351819075258e-16,4.142671764099982e-17,-8.594806606856796e-17,-1.2728553085187014e-16,-3.852548290319129e-17,6.476507967701482e-17,2.4784189108718402e-17,2.4693147632811236e-17,-1.1617680507464027e-16
166.66666666666666,-1.5182965873534874e-16,3.818629781822934e-18,6.054806971303689e-17,1.1337533249533703e-17,8.141273058597409e-17,-7.717066315158937e-17,-1.3577653156543685e-16,-1.6897403591983035e-17,-1.5293379845366968e-16,6.858842785339948e-17,1.058373327094804e-16,3.0901958863618205e-17,-4.032059413712849e-18,-3.7248296876112694e-17,3.006525696633441e-17,5.829859693746361e-17,-1.3311170925868674e-16,5.966910933062033e-17,4.856964080316967e-17,-2.015390216413419e-16,7.460139519441918e-17,-1.1159068615758098e-17,-1.0162560446812368e-16,7.485569928812373e-18,-2.1378189686962226e-17,1.1894582623144237e-16,-1.279306481196619e-17,1.6359000158656566e-17,4.2067998962409897e-17,4.323714298577144e-18,7.320553437958694e-17,6.266854871252592e-17,-1.4912352564773512e-16,-1.232535181166538e-16,4.142671761468667e-17,-8.594806601827382e-17,-1.2728553077985816e-16,-3.852548288444577e-17,6.476507963827737e-17,2.4784189094113456e-17,2.4693147618227494e-17,-1.1617680500584233e-16
171.7171717171717,-1.5182965864874998e-16,3.8186297806661345e-18,6.054806967870749e-17,1.1337533244218614e-17,8.14127305383394e-17,-7.717066311044232e-17,-1.3577653148515043e-16,-1.6897403581429718e-17,-1.5293379836196648e-16,6.858842781074325e-17,1.0583733265082861e-16,3.0901958845543473e-17,-4.032059407756042e-18,-3.7248296854196776e-17,3.0065256948797585e-17,5.829859690583451e-17,-1.3311170918152757e-16,5.966910929541449e-17,4.8569640777067203e-17,-2.0153902152459402e-16,7.460139515298207e-17,-1.1159068607556609e-17,-1.0162560441046109e-16,7.485569924184482e-18,-2.137818967553317e-17,1.1894582616597505e-16,-1.2793064806126902e-17,1.6359000148658586e-17,4.206799893958429e-17,4.323714294643756e-18,7.320553433668956e-17,6.266854867840762e-17,-1.4912352555984998e-16,-1.2325351804255505e-16,4.1426717588373506e-17,-8.594806596797966e-17,-1.2728553070784618e-16,-3.852548286570026e-17,6.47650795995399e-17,2.4784189079508504e-17,2.469314760364375e-17,-1.161768049370444e-16
176.76767676767676,-1.5182965856215122e-16,3.818629779509335e-18,6.05480696443781e-17,1.1337533238903523e-17,8.141273049070469e-17,-7.717066306929529e-17,-1.3577653140486406e-16,-1.6897403570876405e-17,-1.5293379827026322e-16,6.858842776808703e-17,1.0583733259217687e-16,3.0901958827468747e-17,-4.032059401799235e-18,-3.7248296832280877e-17,3.0065256931260757e-17,5.829859687420541e-17,-1.3311170910436837e-16,5.966910926020866e-17,4.8569640750964745e-17,-2.0153902140784618e-16,7.460139511154498e-17,-1.115906859935512e-17,-1.0162560435279849e-16,7.48556991955659e-18,-2.1378189664104112e-17,1.1894582610050773e-16,-1.279306480028762e-17,1.635900013866061e-17,4.206799891675869e-17,4.323714290710369e-18,7.320553429379214e-17,6.266854864428934e-17,-1.491235254719648e-16,-1.232535179684563e-16,4.1426717562060355e-17,-8.594806591768554e-17,-1.2728553063583418e-16,-3.8525482846954745e-17,6.476507956080244e-17,2.4784189064903554e-17,2.4693147589060012e-17,-1.1617680486824643e-16
181.8181818181818,-1.5182965847555246e-16,3.818629778352535e-18,6.05480696100487e-17,1.1337533233588431e-17,8.141273044306999e-17,-7.717066302814824e-17,-1.3577653132457767e-16,-1.689740356032309e-17,-1.5293379817856002e-16,6.858842772543079e-17,1.058373325335251e-16,3.0901958809394015e-17,-4.032059395842428e-18,-3.724829681036497e-17,3.006525691372393e-17,5.829859684257631e-17,-1.3311170902720922e-16,5.966910922500282e-17,4.8569640724862287e-17,-2.015390212910983e-16,7.460139507010788e-17,-1.1159068591153633e-17,-1.0162560429513588e-16,7.485569914928698e-18,-2.137818965267506e-17,1.1894582603504043e-16,-1.2793064794448332e-17,1.635900012866263e-17,4.2067998893933085e-17,4.323714286776981e-18,7.320553425089476e-17,6.266854861017105e-17,-1.4912352538407964e-16,-1.2325351789435752e-16,4.1426717535747196e-17,-8.594806586739139e-17,-1.272855305638222e-16,-3.8525482828209235e-17,6.476507952206499e-17,2.4784189050298605e-17,2.4693147574476266e-17,-1.1617680479944846e-16
186.86868686868686,-1.5182965838895368e-16,3.818629777195735e-18,6.05480695757193e-17,1.133753322827334e-17,8.14127303954353e-17,-7.717066298700118e-17,-1.3577653124429133e-16,-1.6897403549769778e-17,-1.5293379808685676e-16,6.858842768277457e-17,1.0583733247487334e-16,3.090195879131929e-17,-4.032059389885621e-18,-3.724829678844906e-17,3.0065256896187095e-17,5.82985968109472e-17,-1.3311170895005002e-16,5.966910918979698e-17,4.8569640698759835e-17,-2.0153902117435043e-16,7.460139502867078e-17,-1.1159068582952146e-17,-1.016256042374733e-16,7.485569910300807e-18,-2.1378189641246e-17,1.1894582596957311e-16,-1.2793064788609042e-17,1.6359000118664652e-17,4.2067998871107475e-17,4.3237142828435936e-18,7.320553420799735e-17,6.266854857605275e-17,-1.491235252961945e-16,-1.2325351782025876e-16,4.1426717509434045e-17,-8.594806581709724e-17,-1.272855304918102e-16,-3.8525482809463724e-17,6.476507948332753e-17,2.4784189035693653e-17,2.469314755989252e-17,-1.1617680473065052e-16
191.91919191919192,-1.5182965830235492e-16,3.818629776038935e-18,6.05480695413899e-17,1.133753322295825e-17,8.141273034780059e-17,-7.717066294585413e-17,-1.357765311640049e-16,-1.689740353921646e-17,-1.5293379799515353e-16,6.858842764011833e-17,1.0583733241622156e-16,3.0901958773244556e-17,-4.032059383928813e-18,-3.7248296766533154e-17,3.0065256878650273e-17,5.82985967793181e-17,-1.3311170887289087e-16,5.966910915459115e-17,4.8569640672657376e-17,-2.015390210576026e-16,7.460139498723368e-17,-1.1159068574750655e-17,-1.0162560417981068e-16,7.485569905672918e-18,-2.1378189629816945e-17,1.1894582590410582e-16,-1.2793064782769757e-17,1.6359000108666672e-17,4.2067998848281877e-17,4.323714278910207e-18,7.320553416509997e-17,6.266854854193445e-17,-1.491235252083093e-16,-1.2325351774616002e-16,4.142671748312088e-17,-8.59480657668031e-17,-1.272855304197982e-16,-3.8525482790718213e-17,6.476507944459007e-17,2.4784189021088704e-17,2.469314754530878e-17,-1.1617680466185256e-16
196.96969696969697,-1.5182965821575619e-16,3.8186297748821355e-18,6.054806950706052e-17,1.133753321764316e-17,8.14127303001659e-17,-7.717066290470709e-17,-1.3577653108371852e-16,-1.689740352866315e-17,-1.529337979034503e-16,6.858842759746211e-17,1.0583733235756983e-16,3.0901958755169836e-17,-4.0320593779720064e-18,-3.724829674461724e-17,3.006525686111344e-17,5.8298596747689e-17,-1.3311170879573172e-16,5.966910911938533e-17,4.856964064655492e-17,-2.015390209408547e-16,7.460139494579659e-17,-1.1159068566549167e-17,-1.0162560412214809e-16,7.485569901045027e-18,-2.1378189618387885e-17,1.1894582583863852e-16,-1.279306477693047e-17,1.6359000098668692e-17,4.206799882545626e-17,4.323714274976819e-18,7.320553412220256e-17,6.266854850781618e-17,-1.4912352512042415e-16,-1.2325351767206125e-16,4.142671745680772e-17,-8.594806571650896e-17,-1.272855303477862e-16,-3.8525482771972697e-17,6.476507940585262e-17,2.478418900648375e-17,2.4693147530725036e-17,-1.1617680459305462e-16
202.02020202020202,-1.5182965812915738e-16,3.818629773725336e-18,6.054806947273111e-17,1.1337533212328069e-17,8.14127302525312e-17,-7.717066286356005e-17,-1.357765310034321e-16,-1.6897403518109838e-17,-1.5293379781174707e-16,6.858842755480589e-17,1.0583733229891806e-16,3.09019587370951e-17,-4.0320593720152e-18,-3.724829672270133e-17,3.006525684357661e-17,5.82985967160599e-17,-1.3311170871857252e-16,5.966910908417949e-17,4.856964062045246e-17,-2.015390208241068e-16,7.460139490435948e-17,-1.1159068558347676e-17,-1.0162560406448549e-16,7.485569896417134e-18,-2.1378189606958828e-17,1.189458257731712e-16,-1.2793064771091184e-17,1.6359000088670715e-17,4.206799880263065e-17,4.3237142710434316e-18,7.320553407930515e-17,6.266854847369787e-17,-1.4912352503253899e-16,-1.232535175979625e-16,4.142671743049457e-17,-8.594806566621481e-17,-1.2728553027577422e-16,-3.852548275322718e-17,6.476507936711516e-17,2.4784188991878805e-17,2.4693147516141297e-17,-1.1617680452425663e-16
207.07070707070704,-9.839535162797857e-17,-2.975351867786193e-17,7.04080811060912e-18,-1.1262807256658366e-17,2.954470662547011e-17,-7.855707418119747e-17,-1.4696753134103864e-16,-6.146978949537355e-17,-8.709868992507717e-17,-7.939649689252002e-17,8.042903127017827e-17,1.0171976299761122e-17,-2.7939195151528095e-17,-5.738404336315217e-17,3.271689669273346e-17,1.6507264688848535e-17,-9.429223748861256e-17,7.049266731279186e-17,3.208878621197494e-17,-9.461324537830004e-17,4.737562215678816e-17,-4.5142117609106957e-17,-2.790430627932693e-17,8.103155839070541e-17,-1.0236695263494404e-17,-2.845118672088786e-17,-9.074235915330433e-18,-4.355656969176199e-17,-7.899307653741906e-18,-1.054257376437246e-18,3.7695054777149985e-17,1.168687233198146e-16,-6.269267490729879e-17,-9.976361340942362e-18,-3.4350943188040213e-17,7.861767639690688e-18,-8.044552280316563e-17,1.2830116291854798e-18,6.264808523944241e-17,9.798256414258396e-17,1.1670968179680277e-17,1.2108833468250789e-17
212.1212121212121,-1.5182965800526404e-16,3.8186297725463846e-18,6.054806942371312e-17,1.1337533205260732e-17,8.141273018382301e-17,-7.717066280602981e-17,-1.3577653088724398e-16,-1.6897403502584846e-17,-1.529337976784651e-16,6.858842749213124e-17,1.0583733221580652e-16,3.09019587110269e-17,-4.032059361788327e-18,-3.72482966910345e-17,3.006525681830625e-17,5.829859667156575e-17,-1.3311170860760757e-16,5.966910903326536e-17,4.8569640583854596e-17,-2.0153902065624288e-16,7.460139484559599e-17,-1.1159068545757968e-17,-1.0162560398213042e-16,7.485569889629148e-18,-2.1378189590964045e-17,1.1894582568061709e-16,-1.2793064763416538e-17,1.6359000074055936e-17,4.206799877051972e-17,4.32371426473213e-18,7.320553401740063e-17,6.266854842564408e-17,-1.4912352490548606e-16,-1.2325351749018155e-16,4.1426717391597947e-17,-8.594806559366801e-17,-1.2728553017302349e-16,-3.8525482727913533e-17,6.476507931085713e-17,2.4784188970765538e-17,2.4693147495044053e-17,-1.1617680442464877e-16
217.17171717171715,-1.518296579186653e-16,3.8186297713895855e-18,6.054806938938373e-17,1.1337533199945641e-17,8.141273013618833e-17,-7.717066276488276e-17,-1.3577653080695761e-16,-1.6897403492031532e-17,-1.5293379758676186e-16,6.858842744947502e-17,1.0583733215715476e-16,3.090195869295217e-17,-4.03205935583152e-18,-3.724829666911859e-17,3.0065256800769414e-17,5.829859663993666e-17,-1.3311170853044842e-16,5.966910899805953e-17,4.856964055775214e-17,-2.0153902053949504e-16,7.460139480415889e-17,-1.1159068537556477e-17,-1.0162560392446782e-16,7.485569885001258e-18,-2.1378189579534994e-17,1.189458256151498e-16,-1.2793064757577251e-17,1.6359000064057956e-17,4.206799874769412e-17,4.323714260798743e-18,7.320553397450322e-17,6.26685483915258e-17,-1.4912352481760094e-16,-1.232535174160828e-16,4.142671736528478e-17,-8.594806554337387e-17,-1.2728553010101148e-16,-3.8525482709168016e-17,6.476507927211968e-17,2.478418895616059e-17,2.4693147480460314e-17,-1.1617680435585083e-16
222.2222222222222,-1.5182965783206652e-16,3.818629770232786e-18,6.054806935505434e-17,1.133753319463055e-17,8.141273008855363e-17,-7.717066272373573e-17,-1.3577653072667125e-16,-1.6897403481478216e-17,-1.5293379749505863e-16,6.858842740681881e-17,1.05837332098503e-16,3.0901958674877447e-17,-4.032059349874714e-18,-3.724829664720269e-17,3.006525678323259e-17,5.829859660830755e-17,-1.3311170845328922e-16,5.96691089628537e-17,4.8569640531649685e-17,-2.0153902042274718e-16,7.46013947627218e-17,-1.115906852935499e-17,-1.0162560386680522e-16,7.485569880373367e-18,-2.1378189568105934e-17,1.1894582554968252e-16,-1.2793064751737964e-17,1.635900005405998e-17,4.206799872486852e-17,4.323714256865355e-18,7.320553393160583e-17,6.26685483574075e-17,-1.4912352472971577e-16,-1.2325351734198403e-16,4.1426717338971637e-17,-8.594806549307973e-17,-1.2728553002899947e-16,-3.8525482690422506e-17,6.476507923338222e-17,2.478418894155564e-17,2.4693147465876568e-17,-1.1617680428705286e-16
227.27272727272725,-1.5182965774546778e-16,3.818629769075986e-18,6.054806932072495e-17,1.133753318931546e-17,8.141273004091893e-17,-7.717066268258869e-17,-1.3577653064638483e-16,-1.689740347092491e-17,-1.529337974033554e-16,6.85884273641626e-17,1.0583733203985127e-16,3.090195865680272e-17,-4.0320593439179065e-18,-3.724829662528678e-17,3.0065256765695764e-17,5.829859657667847e-17,-1.331117083761301e-16,5.966910892764787e-17,4.856964050554723e-17,-2.0153902030599931e-16,7.460139472128472e-17,-1.1159068521153501e-17,-1.0162560380914263e-16,7.485569875745476e-18,-2.137818955667688e-17,1.1894582548421523e-16,-1.279306474589868e-17,1.6359000044062e-17,4.2067998702042916e-17,4.323714252931968e-18,7.320553388870843e-17,6.266854832328922e-17,-1.4912352464183063e-16,-1.2325351726788529e-16,4.1426717312658485e-17,-8.594806544278559e-17,-1.2728552995698752e-16,-3.8525482671677e-17,6.476507919464478e-17,2.4784188926950693e-17,2.4693147451292832e-17,-1.1617680421825492e-16
232.3232323232323,-1.51829657658869e-16,3.818629767919186e-18,6.054806928639556e-17,1.133753318400037e-17,8.141272999328424e-17,-7.717066264144163e-17,-1.3577653056609846e-16,-1.6897403460371595e-17,-1.5293379731165217e-16,6.858842732150636e-17,1.0583733198119951e-16,3.0901958638727994e-17,-4.0320593379611e-18,-3.724829660337087e-17,3.0065256748158936e-17,5.829859654504937e-17,-1.3311170829897092e-16,5.966910889244205e-17,4.856964047944477e-17,-2.0153902018925147e-16,7.460139467984761e-17,-1.1159068512952013e-17,-1.0162560375148004e-16,7.485569871117587e-18,-2.1378189545247823e-17,1.1894582541874788e-16,-1.2793064740059394e-17,1.6359000034064022e-17,4.206799867921731e-17,4.323714248998581e-18,7.320553384581104e-17,6.266854828917093e-17,-1.4912352455394546e-16,-1.2325351719378652e-16,4.142671728634533e-17,-8.594806539249144e-17,-1.2728552988497554e-16,-3.8525482652931485e-17,6.476507915590732e-17,2.4784188912345744e-17,2.4693147436709086e-17,-1.1617680414945696e-16
237.37373737373736,-1.5182965757227027e-16,3.818629766762387e-18,6.054806925206616e-17,1.1337533178685279e-17,8.141272994564956e-17,-7.717066260029459e-17,-1.357765304858121e-16,-1.689740344981828e-17,-1.5293379721994896e-16,6.858842727885014e-17,1.0583733192254774e-16,3.090195862065326e-17,-4.0320593320042926e-18,-3.7248296581454965e-17,3.006525673062211e-17,5.829859651342027e-17,-1.3311170822181172e-16,5.966910885723621e-17,4.856964045334231e-17,-2.015390200725036e-16,7.460139463841052e-17,-1.1159068504750527e-17,-1.0162560369381745e-16,7.485569866489694e-18,-2.1378189533818766e-17,1.1894582535328059e-16,-1.2793064734220107e-17,1.6359000024066048e-17,4.2067998656391696e-17,4.3237142450651935e-18,7.320553380291365e-17,6.266854825505264e-17,-1.4912352446606029e-16,-1.2325351711968776e-16,4.142671726003217e-17,-8.594806534219731e-17,-1.2728552981296353e-16,-3.8525482634185974e-17,6.476507911716986e-17,2.4784188897740795e-17,2.4693147422125347e-17,-1.1617680408065902e-16
242.4242424242424,-1.518296574856715e-16,3.818629765605587e-18,6.054806921773678e-17,1.133753317337019e-17,8.141272989801487e-17,-7.717066255914755e-17,-1.3577653040552573e-16,-1.6897403439264972e-17,-1.5293379712824573e-16,6.858842723619391e-17,1.0583733186389598e-16,3.090195860257854e-17,-4.032059326047486e-18,-3.7248296559539066e-17,3.006525671308528e-17,5.829859648179116e-17,-1.3311170814465254e-16,5.966910882203038e-17,4.856964042723986e-17,-2.0153901995575575e-16,7.460139459697342e-17,-1.1159068496549037e-17,-1.0162560363615485e-16,7.485569861861803e-18,-2.1378189522389713e-17,1.1894582528781332e-16,-1.2793064728380822e-17,1.6359000014068068e-17,4.206799863356609e-17,4.323714241131807e-18,7.320553376001623e-17,6.266854822093437e-17,-1.4912352437817514e-16,-1.2325351704558902e-16,4.1426717233719017e-17,-8.594806529190316e-17,-1.2728552974095157e-16,-3.852548261544047e-17,6.476507907843242e-17,2.4784188883135845e-17,2.4693147407541604e-17,-1.1617680401186108e-16
247.47474747474746,-1.5182965739907275e-16,3.8186297644487875e-18,6.054806918340738e-17,1.1337533168055098e-17,8.141272985038017e-17,-7.717066251800051e-17,-1.357765303252393e-16,-1.6897403428711652e-17,-1.529337970365425e-16,6.858842719353769e-17,1.0583733180524423e-16,3.0901958584503804e-17,-4.032059320090679e-18,-3.7248296537623154e-17,3.006525669554845e-17,5.829859645016207e-17,-1.3311170806749337e-16,5.966910878682454e-17,4.85696404011374e-17,-2.0153901983900788e-16,7.460139455553633e-17,-1.115906848834755e-17,-1.0162560357849225e-16,7.485569857233912e-18,-2.1378189510960656e-17,1.18945825222346e-16,-1.2793064722541533e-17,1.6359000004070088e-17,4.206799861074049e-17,4.323714237198418e-18,7.320553371711886e-17,6.266854818681606e-17,-1.4912352429028997e-16,-1.2325351697149027e-16,4.1426717207405865e-17,-8.594806524160901e-17,-1.2728552966893957e-16,-3.852548259669495e-17,6.476507903969496e-17,2.4784188868530893e-17,2.4693147392957862e-17,-1.161768039430631e-16
252.5252525252525,-1.51829657312474e-16,3.818629763291988e-18,6.054806914907799e-17,1.1337533162740007e-17,8.141272980274546e-17,-7.717066247685346e-17,-1.3577653024495294e-16,-1.6897403418158342e-17,-1.5293379694483925e-16,6.858842715088145e-17,1.0583733174659245e-16,3.0901958566429084e-17,-4.032059314133871e-18,-3.724829651570725e-17,3.0065256678011625e-17,5.829859641853296e-17,-1.331117079903342e-16,5.966910875161871e-17,4.856964037503494e-17,-2.0153901972226e-16,7.460139451409923e-17,-1.115906848014606e-17,-1.0162560352082966e-16,7.485569852606023e-18,-2.1378189499531596e-17,1.1894582515687868e-16,-1.2793064716702247e-17,1.635899999407211e-17,4.2067998587914884e-17,4.3237142332650315e-18,7.320553367422143e-17,6.266854815269776e-17,-1.4912352420240483e-16,-1.2325351689739149e-16,4.142671718109271e-17,-8.594806519131489e-17,-1.2728552959692759e-16,-3.8525482577949436e-17,6.476507900095752e-17,2.4784188853925947e-17,2.4693147378374113e-17,-1.1617680387426515e-16
257.57575757575756,-1.5182965722587523e-16,3.818629762135188e-18,6.054806911474858e-17,1.1337533157424914e-17,8.141272975511076e-17,-7.717066243570642e-17,-1.3577653016466655e-16,-1.6897403407605025e-17,-1.5293379685313604e-16,6.858842710822524e-17,1.0583733168794069e-16,3.0901958548354345e-17,-4.032059308177065e-18,-3.7248296493791337e-17,3.006525666047479e-17,5.829859638690386e-17,-1.3311170791317502e-16,5.966910871641287e-17,4.8569640348932484e-17,-2.015390196055121e-16,7.460139447266213e-17,-1.115906847194457e-17,-1.0162560346316706e-16,7.485569847978132e-18,-2.1378189488102542e-17,1.1894582509141136e-16,-1.2793064710862957e-17,1.635899998407413e-17,4.2067998565089274e-17,4.323714229331644e-18,7.320553363132405e-17,6.266854811857947e-17,-1.4912352411451963e-16,-1.2325351682329275e-16,4.142671715477955e-17,-8.594806514102073e-17,-1.2728552952491558e-16,-3.852548255920392e-17,6.476507896222004e-17,2.4784188839320995e-17,2.4693147363790374e-17,-1.161768038054672e-16
262.6262626262626,-9.839535103071323e-17,-2.9753518518318514e-17,7.040808077594793e-18,-1.1262807176976793e-17,2.954470646618068e-17,-7.855707370205345e-17,-1.46967530437157e-16,-6.14697891000018e-17,-8.709868939085338e-17,-7.93964964280383e-17,8.042903077876317e-17,1.0171976261074828e-17,-2.793919496594035e-17,-5.738404300070762e-17,3.27168965639811e-17,1.6507264610608876e-17,-9.429223694567143e-17,7.049266687273649e-17,3.2088786029957953e-17,-9.461324481662756e-17,4.7375621920339015e-17,-4.5142117365171283e-17,-2.7904306117356036e-17,8.103155789152991e-17,-1.0236695206110494e-17,-2.8451186547508014e-17,-9.074235823295248e-18,-4.355656944395248e-17,-7.899307608484957e-18,-1.0542573683979721e-18,3.769505452136155e-17,1.1686872260864752e-16,-6.269267454688966e-17,-9.976361246199596e-18,-3.4350942985641505e-17,7.861767583525932e-18,-8.044552229675948e-17,1.283011594853907e-18,6.264808484438311e-17,9.798256354068572e-17,1.1670968093112999e-17,1.2108833383043203e-17
267.67676767676767,-1.1162623872661884e-16,-3.697246176375991e-17,4.114360916410327e-17,-3.062288208441578e-17,3.845917022141279e-17,-6.696925456164196e-17,-1.2963371550773802e-16,-6.40375078825353e-17,-3.693786182407234e-17,3.010243848637782e-17,2.263686134970882e-17,1.1899727434052786e-17,8.638765663149793e-18,-8.2050425014763e-17,-1.2279795802901586e-16,-2.998372952853733e-17,-4.889332866174975e-17,5.556897490718612e-17,3.761349004504297e-17,1.5803400747569464e-17,-1.0630555683074317e-16,-4.2676792438336255e-17,-6.34175987147421e-17,7.869909972175228e-17,-1.6477113426973404e-17,2.5949849744549586e-17,-7.321882208126307e-17,-3.848161708510089e-17,-5.056193712738841e-17,-5.094445093070596e-17,6.011023120590611e-17,1.0012379933293997e-17,4.122874220632051e-18,-5.741666124808812e-17,-5.75477070182952e-17,-5.3236672651965374e-17,-1.223883751232525e-16,8.491715065364802e-19,7.588828959854661e-17,4.4789452886506724e-17,-7.599783201499849e-17,-2.691731285215046e-17
272.7272727272727,-9.839535099833952e-17,-2.9753518512342874e-17,7.040808077038957e-18,-1.1262807171222179e-17,2.9544706460090236e-17,-7.855707367579074e-17,-1.469675303866691e-16,-6.146978907574896e-17,-8.709868936119517e-17,-7.939649640507698e-17,8.042903075172011e-17,1.0171976261903279e-17,-2.7939194953851595e-17,-5.738404297927055e-17,3.2716896565862984e-17,1.650726460915413e-17,-9.429223691997452e-17,7.049266684734122e-17,3.208878602171136e-17,-9.461324478778612e-17,4.737562191400872e-17,-4.5142117355765356e-17,-2.790430610951677e-17,8.103155786354562e-17,-1.0236695203603161e-17,-2.845118653802405e-17,-9.07423581361831e-18,-4.355656943262406e-17,-7.899307606373452e-18,-1.0542573677541684e-18,3.76950545040744e-17,1.1686872256987572e-16,-6.269267452990933e-17,-9.976361236727117e-18,-3.4350942975446446e-17,7.861767579410415e-18,-8.044552226701464e-17,1.283011589625455e-18,6.264808482109426e-17,9.798256350715523e-17,1.1670968086425902e-17,1.210883337693951e-17
277.77777777777777,-1.1162623869711463e-16,-3.6972461751048246e-17,4.114360915393831e-17,-3.0622882071762276e-17,3.8459170217909915e-17,-6.696925455161801e-17,-1.2963371546570413e-16,-6.40375078561471e-17,-3.6937861799482153e-17,3.0102438470401154e-17,2.2636861334109913e-17,1.1899727434610251e-17,8.638765664768493e-18,-8.205042498298567e-17,-1.2279795799979305e-16,-2.998372951985356e-17,-4.88933286433682e-17,5.556897488766963e-17,3.761349003715322e-17,1.5803400752902693e-17,-1.0630555680426773e-16,-4.2676792427279106e-17,-6.341759869154791e-17,7.869909969593235e-17,-1.6477113419611516e-17,2.5949849734827677e-17,-7.321882205932733e-17,-3.8481617076880645e-17,-5.056193712148464e-17,-5.0944450923386805e-17,6.01102311904031e-17,1.0012379918857442e-17,4.122874222286457e-18,-5.741666122510026e-17,-5.754770701100773e-17,-5.3236672633965676e-17,-1.2238837509480466e-16,8.491715066528343e-19,7.588828957185184e-17,4.4789452870519853e-17,-7.599783199776158e-17,-2.6917312841714177e-17
282.8282828282828,-9.839535096596579e-17,-2.975351850636724e-17,7.040808076483121e-18,-1.1262807165467565e-17,2.9544706453999774e-17,-7.8557073649528e-17,-1.4696753033618119e-16,-6.146978905149611e-17,-8.709868933153693e-17,-7.939649638211561e-17,8.042903072467703e-17,1.0171976262731727e-17,-2.7939194941762825e-17,-5.738404295783347e-17,3.2716896567744855e-17,1.6507264607699378e-17,-9.42922368942776e-17,7.049266682194595e-17,3.208878601346478e-17,-9.461324475894468e-17,4.73756219076784e-17,-4.514211734635941e-17,-2.79043061016775e-17,8.103155783556134e-17,-1.0236695201095829e-17,-2.845118652854009e-17,-9.074235803941369e-18,-4.3556569421295646e-17,-7.899307604261949e-18,-1.0542573671103639e-18,3.769505448678725e-17,1.1686872253110394e-16,-6.2692674512929e-17,-9.97636122725464e-18,-3.4350942965251386e-17,7.861767575294897e-18,-8.044552223726978e-17,1.2830115843970029e-18,6.264808479780539e-17,9.798256347362471e-17,1.16709680797388e-17,1.2108833370835813e-17
287.8787878787879,-1.116262386676104e-16,-3.6972461738336597e-17,4.114360914377334e-17,-3.062288205910877e-17,3.845917021440703e-17,-6.696925454159408e-17,-1.2963371542367024e-16,-6.403750782975888e-17,-3.693786177489195e-17,3.0102438454424496e-17,2.2636861318511005e-17,1.1899727435167716e-17,8.63876566638719e-18,-8.205042495120837e-17,-1.2279795797057021e-16,-2.998372951116979e-17,-4.889332862498666e-17,5.556897486815311e-17,3.761349002926346e-17,1.5803400758235923e-17,-1.0630555677779233e-16,-4.267679241622196e-17,-6.341759866835374e-17,7.869909967011239e-17,-1.6477113412249626e-17,2.5949849725105764e-17,-7.321882203739161e-17,-3.848161706866039e-17,-5.056193711558088e-17,-5.0944450916067637e-17,6.011023117490006e-17,1.0012379904420887e-17,4.122874223940865e-18,-5.741666120211241e-17,-5.754770700372027e-17,-5.323667261596598e-17,-1.2238837506635683e-16,8.491715067691884e-19,7.588828954515707e-17,4.4789452854532983e-17,-7.599783198052466e-17,-2.69173128312779e-17
292.9292929292929,-9.839535093359207e-17,-2.97535185003916e-17,7.040808075927285e-18,-1.126280715971295e-17,2.9544706447909324e-17,-7.855707362326528e-17,-1.469675302856933e-16,-6.146978902724325e-17,-8.70986893018787e-17,-7.939649635915427e-17,8.042903069763395e-17,1.0171976263560178e-17,-2.793919492967406e-17,-5.738404293639638e-17,3.271689656962675e-17,1.6507264606244632e-17,-9.429223686858069e-17,7.049266679655066e-17,3.208878600521819e-17,-9.461324473010323e-17,4.73756219013481e-17,-4.514211733695347e-17,-2.7904306093838225e-17,8.103155780757705e-17,-1.0236695198588494e-17,-2.8451186519056124e-17,-9.074235794264429e-18,-4.355656940996722e-17,-7.899307602150444e-18,-1.0542573664665596e-18,3.7695054469500086e-17,1.1686872249233212e-16,-6.269267449594867e-17,-9.97636121778216e-18,-3.4350942955056326e-17,7.861767571179379e-18,-8.044552220752494e-17,1.283011579168551e-18,6.264808477451653e-17,9.79825634400942e-17,1.1670968073051702e-17,1.2108833364732117e-17
297.979797979798,-1.116262386381062e-16,-3.697246172562494e-17,4.114360913360837e-17,-3.062288204645527e-17,3.845917021090415e-17,-6.696925453157016e-17,-1.2963371538163638e-16,-6.403750780337068e-17,-3.693786175030176e-17,3.010243843844784e-17,2.263686130291211e-17,1.1899727435725182e-17,8.63876566800589e-18,-8.205042491943104e-17,-1.227979579413474e-16,-2.998372950248602e-17,-4.889332860660511e-17,5.556897484863662e-17,3.7613490021373714e-17,1.5803400763569153e-17,-1.063055567513169e-16,-4.267679240516482e-17,-6.341759864515958e-17,7.869909964429244e-17,-1.6477113404887742e-17,2.5949849715383855e-17,-7.321882201545591e-17,-3.8481617060440143e-17,-5.056193710967712e-17,-5.0944450908748487e-17,6.011023115939704e-17,1.0012379889984332e-17,4.1228742255952726e-18,-5.741666117912456e-17,-5.754770699643282e-17,-5.3236672597966286e-17,-1.22388375037909e-16,8.491715068855425e-19,7.588828951846229e-17,4.4789452838546125e-17,-7.599783196328776e-17,-2.6917312820841626e-17
303.030303030303,-9.839535090121834e-17,-2.975351849441597e-17,7.04080807537145e-18,-1.1262807153958334e-17,2.954470644181887e-17,-7.855707359700256e-17,-1.4696753023520541e-16,-6.146978900299041e-17,-8.709868927222047e-17,-7.939649633619292e-17,8.042903067059086e-17,1.0171976264388631e-17,-2.79391949175853e-17,-5.73840429149593e-17,3.271689657150864e-17,1.6507264604789883e-17,-9.429223684288376e-17,7.049266677115541e-17,3.208878599697161e-17,-9.46132447012618e-17,4.73756218950178e-17,-4.514211732754753e-17,-2.790430608599896e-17,8.10315577795928e-17,-1.023669519608116e-17,-2.8451186509572155e-17,-9.074235784587487e-18,-4.35565693986388e-17,-7.899307600038939e-18,-1.0542573658227555e-18,3.769505445221293e-17,1.1686872245356035e-16,-6.269267447896834e-17,-9.976361208309684e-18,-3.4350942944861267e-17,7.861767567063861e-18,-8.04455221777801e-17,1.2830115739400994e-18,6.264808475122768e-17,9.79825634065637e-17,1.1670968066364604e-17,1.2108833358628423e-17
308.0808080808081,-1.1162623860860202e-16,-3.6972461712913286e-17,4.1143609123443405e-17,-3.0622882033801765e-17,3.845917020740128e-17,-6.696925452154624e-17,-1.2963371533960252e-16,-6.403750777698247e-17,-3.693786172571157e-17,3.010243842247118e-17,2.2636861287313205e-17,1.1899727436282647e-17,8.638765669624591e-18,-8.205042488765374e-17,-1.227979579121246e-16,-2.998372949380226e-17,-4.8893328588223564e-17,5.55689748291201e-17,3.761349001348396e-17,1.5803400768902386e-17,-1.0630555672484148e-16,-4.267679239410768e-17,-6.34175986219654e-17,7.869909961847249e-17,-1.647711339752586e-17,2.5949849705661948e-17,-7.321882199352018e-17,-3.848161705221989e-17,-5.056193710377335e-17,-5.094445090142933e-17,6.011023114389404e-17,1.0012379875547778e-17,4.12287422724968e-18,-5.741666115613671e-17,-5.754770698914536e-17,-5.32366725799666e-17,-1.2238837500946123e-16,8.491715070018968e-19,7.588828949176752e-17,4.478945282255927e-17,-7.599783194605086e-17,-2.6917312810405354e-17
313.1313131313131,-9.839535086884463e-17,-2.9753518488440333e-17,7.040808074815614e-18,-1.1262807148203722e-17,2.954470643572842e-17,-7.855707357073984e-17,-1.469675301847175e-16,-6.146978897873756e-17,-8.709868924256225e-17,-7.93964963132316e-17,8.042903064354779e-17,1.0171976265217083e-17,-2.7939194905496535e-17,-5.738404289352221e-17,3.2716896573390523e-17,1.6507264603335138e-17,-9.429223681718684e-17,7.049266674576013e-17,3.208878598872503e-17,-9.461324467242035e-17,4.7375621888687493e-17,-4.5142117318141596e-17,-2.790430607815969e-17,8.103155775160854e-17,-1.023669519357383e-17,-2.84511865000882e-17,-9.07423577491055e-18,-4.3556569387310385e-17,-7.899307597927436e-18,-1.0542573651789518e-18,3.769505443492578e-17,1.1686872241478857e-16,-6.269267446198801e-17,-9.976361198837205e-18,-3.4350942934666213e-17,7.861767562948344e-18,-8.044552214803526e-17,1.2830115687116472e-18,6.264808472793881e-17,9.79825633730332e-17,1.1670968059677505e-17,1.2108833352524729e-17
318.1818181818182,-1.116262385790978e-16,-3.697246170020164e-17,4.1143609113278445e-17,-3.062288202114827e-17,3.84591702038984e-17,-6.696925451152232e-17,-1.2963371529756868e-16,-6.403750775059427e-17,-3.693786170112138e-17,3.010243840649453e-17,2.2636861271714306e-17,1.1899727436840113e-17,8.638765671243293e-18,-8.205042485587645e-17,-1.227979578829018e-16,-2.998372948511848e-17,-4.889332856984203e-17,5.556897480960361e-17,3.7613490005594216e-17,1.5803400774235618e-17,-1.0630555669836606e-16,-4.2676792383050535e-17,-6.341759859877124e-17,7.869909959265256e-17,-1.6477113390163986e-17,2.5949849695940045e-17,-7.321882197158447e-17,-3.848161704399965e-17,-5.05619370978696e-17,-5.094445089411017e-17,6.011023112839104e-17,1.0012379861111226e-17,4.1228742289040895e-18,-5.741666113314887e-17,-5.754770698185791e-17,-5.323667256196692e-17,-1.2238837498101342e-16,8.491715071182513e-19,7.588828946507277e-17,4.478945280657241e-17,-7.599783192881397e-17,-2.6917312799969082e-17
323.2323232323232,-9.839535083647092e-17,-2.9753518482464706e-17,7.04080807425978e-18,-1.1262807142449109e-17,2.9544706429637974e-17,-7.855707354447712e-17,-1.4696753013422964e-16,-6.146978895448472e-17,-8.709868921290404e-17,-7.939649629027027e-17,8.042903061650472e-17,1.0171976266045535e-17,-2.793919489340778e-17,-5.738404287208514e-17,3.271689657527242e-17,1.6507264601880395e-17,-9.429223679148993e-17,7.049266672036487e-17,3.208878598047845e-17,-9.461324464357893e-17,4.73756218823572e-17,-4.514211730873566e-17,-2.790430607032042e-17,8.103155772362427e-17,-1.0236695191066499e-17,-2.8451186490604235e-17,-9.074235765233614e-18,-4.355656937598197e-17,-7.899307595815931e-18,-1.0542573645351477e-18,3.769505441763863e-17,1.168687223760168e-16,-6.269267444500768e-17,-9.97636118936473e-18,-3.4350942924471154e-17,7.861767558832828e-18,-8.044552211829042e-17,1.2830115634831956e-18,6.264808470464996e-17,9.798256333950274e-17,1.1670968052990405e-17,1.2108833346421035e-17
328.28282828282823,-9.839535081132385e-17,-2.975351847659395e-17,7.04080807326061e-18,-1.1262807138639376e-17,2.954470642373718e-17,-7.855707352421103e-17,-1.4696753009569936e-16,-6.146978893694389e-17,-8.709868919018896e-17,-7.939649627141567e-17,8.042903059568548e-17,1.0171976265343544e-17,-2.79391948849509e-17,-5.738404285625731e-17,3.271689657265879e-17,1.650726459946893e-17,-9.42922367698126e-17,7.04926667013481e-17,3.2088785973327915e-17,-9.461324462043834e-17,4.737562187445677e-17,-4.5142117299674147e-17,-2.790430606379869e-17,8.103155770231332e-17,-1.0236695188841492e-17,-2.845118648327699e-17,-9.074235759873189e-18,-4.3556569366214783e-17,-7.899307594018669e-18,-1.0542573641307482e-18,3.769505440578461e-17,1.16868722346003e-16,-6.269267443064265e-17,-9.976361184001584e-18,-3.4350942916195165e-17,7.861767556128696e-18,-8.044552209624143e-17,1.2830115609707643e-18,6.264808468742234e-17,9.798256331387365e-17,1.1670968048713571e-17,1.2108833342362939e-17
333.3333333333333,-1.1162623852434793e-16,-3.6972461677792206e-17,4.114360909413094e-17,-3.0622881999496664e-17,3.845917019472561e-17,-6.696925448984167e-17,-1.2963371522268485e-16,-6.403750770542242e-17,-3.693786166143814e-17,3.010243838006453e-17,2.263686124662534e-17,1.189972743638923e-17,8.638765672681746e-18,-8.205042480095619e-17,-1.2279795782737665e-16,-2.9983729469308675e-17,-4.8893328537921706e-17,5.556897477532467e-17,3.761348999013033e-17,1.5803400780317237e-17,-1.0630555664858571e-16,-4.267679236244279e-17,-6.34175985583109e-17,7.86990995467527e-17,-1.6477113377708975e-17,2.5949849679047957e-17,-7.321882193191535e-17,-3.8481617027963e-17,-5.056193708392145e-17,-5.0944450878062747e-17,6.011023109946824e-17,1.0012379839051475e-17,4.122874230873298e-18,-5.741666109362488e-17,-5.754770696515645e-17,-5.3236672530141486e-17,-1.2238837492665894e-16,8.491715071974523e-19,7.588828941819849e-17,4.478945277857032e-17,-7.599783189568467e-17,-2.691731278193536e-17
338.38383838383834,-9.839535077895014e-17,-2.9753518470618314e-17,7.040808072704775e-18,-1.126280713288476e-17,2.954470641764672e-17,-7.85570734979483e-17,-1.4696753004521147e-16,-6.146978891269104e-17,-8.709868916053075e-17,-7.939649624845433e-17,8.042903056864238e-17,1.0171976266171996e-17,-2.793919487286214e-17,-5.738404283482022e-17,3.2716896574540676e-17,1.6507264598014184e-17,-9.429223674411567e-17,7.049266667595284e-17,3.208878596508133e-17,-9.461324459159689e-17,4.737562186812647e-17,-4.5142117290268207e-17,-2.7904306055959423e-17,8.103155767432908e-17,-1.0236695186334158e-17,-2.845118647379303e-17,-9.074235750196249e-18,-4.3556569354886365e-17,-7.899307591907164e-18,-1.0542573634869442e-18,3.7695054388497464e-17,1.168687223072312e-16,-6.269267441366231e-17,-9.976361174529107e-18,-3.4350942906000105e-17,7.861767552013178e-18,-8.044552206649656e-17,1.2830115557423123e-18,6.264808466413348e-17,9.798256328034315e-17,1.1670968042026471e-17,1.2108833336259245e-17
343.4343434343434,-1.116262384948437e-16,-3.697246166508056e-17,4.1143609083965976e-17,-3.0622881986843156e-17,3.845917019122273e-17,-6.696925447981773e-17,-1.2963371518065104e-16,-6.403750767903422e-17,-3.6937861636847945e-17,3.0102438364087874e-17,2.2636861231026436e-17,1.1899727436946694e-17,8.638765674300445e-18,-8.205042476917887e-17,-1.2279795779815384e-16,-2.998372946062491e-17,-4.889332851954017e-17,5.556897475580816e-17,3.761348998224058e-17,1.580340078565047e-17,-1.0630555662211028e-16,-4.2676792351385646e-17,-6.341759853511672e-17,7.869909952093275e-17,-1.6477113370347085e-17,2.5949849669326054e-17,-7.321882190997962e-17,-3.848161701974275e-17,-5.0561937078017685e-17,-5.0944450870743584e-17,6.011023108396523e-17,1.0012379824614923e-17,4.122874232527706e-18,-5.741666107063704e-17,-5.7547706957869e-17,-5.32366725121418e-17,-1.2238837489821113e-16,8.491715073138065e-19,7.588828939150371e-17,4.478945276258346e-17,-7.599783187844778e-17,-2.6917312771499082e-17
348.48484848484844,-9.839535074657643e-17,-2.975351846464268e-17,7.04080807214894e-18,-1.1262807127130147e-17,2.954470641155627e-17,-7.855707347168559e-17,-1.4696752999472358e-16,-6.146978888843819e-17,-8.709868913087252e-17,-7.939649622549298e-17,8.042903054159932e-17,1.0171976267000445e-17,-2.793919486077337e-17,-5.738404281338314e-17,3.271689657642256e-17,1.650726459655944e-17,-9.429223671841877e-17,7.049266665055757e-17,3.2088785956834744e-17,-9.461324456275546e-17,4.737562186179617e-17,-4.514211728086228e-17,-2.7904306048120155e-17,8.103155764634479e-17,-1.0236695183826827e-17,-2.8451186464309067e-17,-9.074235740519309e-18,-4.355656934355794e-17,-7.899307589795659e-18,-1.05425736284314e-18,3.769505437121031e-17,1.1686872226845944e-16,-6.269267439668199e-17,-9.976361165056628e-18,-3.4350942895805045e-17,7.86176754789766e-18,-8.044552203675174e-17,1.2830115505138607e-18,6.264808464084463e-17,9.798256324681265e-17,1.1670968035339373e-17,1.2108833330155549e-17
353.5353535353535,-1.116262384653395e-16,-3.6972461652368896e-17,4.114360907380101e-17,-3.0622881974189655e-17,3.845917018771986e-17,-6.696925446979381e-17,-1.2963371513861715e-16,-6.4037507652646e-17,-3.693786161225776e-17,3.010243834811122e-17,2.2636861215427537e-17,1.189972743750416e-17,8.638765675919146e-18,-8.205042473740157e-17,-1.2279795776893103e-16,-2.9983729451941144e-17,-4.889332850115864e-17,5.556897473629166e-17,3.761348997435083e-17,1.5803400790983702e-17,-1.0630555659563488e-16,-4.26767923403285e-17,-6.341759851192256e-17,7.86990994951128e-17,-1.6477113362985204e-17,2.5949849659604144e-17,-7.321882188804391e-17,-3.84816170115225e-17,-5.056193707211393e-17,-5.094445086342443e-17,6.01102310684622e-17,1.0012379810178368e-17,4.1228742341821144e-18,-5.741666104764918e-17,-5.754770695058154e-17,-5.323667249414211e-17,-1.2238837486976333e-16,8.491715074301608e-19,7.588828936480895e-17,4.4789452746596597e-17,-7.599783186121087e-17,-2.6917312761062813e-17
358.58585858585855,-9.839535071420272e-17,-2.9753518458667046e-17,7.040808071593103e-18,-1.1262807121375534e-17,2.954470640546582e-17,-7.855707344542287e-17,-1.4696752994423572e-16,-6.146978886418535e-17,-8.709868910121429e-17,-7.939649620253165e-17,8.042903051455624e-17,1.0171976267828898e-17,-2.793919484868461e-17,-5.738404279194606e-17,3.271689657830445e-17,1.6507264595104693e-17,-9.429223669272183e-17,7.049266662516229e-17,3.2088785948588165e-17,-9.461324453391401e-17,4.737562185546586e-17,-4.5142117271456333e-17,-2.790430604028089e-17,8.103155761836052e-17,-1.0236695181319494e-17,-2.8451186454825103e-17,-9.074235730842371e-18,-4.355656933222953e-17,-7.899307587684155e-18,-1.0542573621993363e-18,3.7695054353923157e-17,1.1686872222968766e-16,-6.269267437970166e-17,-9.97636115558415e-18,-3.4350942885609986e-17,7.861767543782143e-18,-8.044552200700691e-17,1.283011545285409e-18,6.264808461755576e-17,9.798256321328216e-17,1.1670968028652275e-17,1.2108833324051855e-17
363.6363636363636,-1.1162623843583532e-16,-3.6972461639657247e-17,4.114360906363606e-17,-3.0622881961536153e-17,3.845917018421698e-17,-6.696925445976989e-17,-1.296337150965833e-16,-6.40375076262578e-17,-3.693786158766757e-17,3.0102438332134564e-17,2.2636861199828635e-17,1.1899727438061627e-17,8.638765677537847e-18,-8.205042470562427e-17,-1.2279795773970827e-16,-2.9983729443257376e-17,-4.889332848277709e-17,5.556897471677517e-17,3.761348996646109e-17,1.5803400796316935e-17,-1.0630555656915945e-16,-4.2676792329271366e-17,-6.34175984887284e-17,7.869909946929286e-17,-1.6477113355623326e-17,2.594984964988224e-17,-7.32188218661082e-17,-3.848161700330225e-17,-5.056193706621017e-17,-5.094445085610528e-17,6.01102310529592e-17,1.0012379795741816e-17,4.122874235836523e-18,-5.741666102466134e-17,-5.754770694329408e-17,-5.3236672476142416e-17,-1.2238837484131553e-16,8.491715075465151e-19,7.588828933811417e-17,4.478945273060974e-17,-7.599783184397398e-17,-2.6917312750626538e-17
368.68686868686865,-9.839535068182899e-17,-2.975351845269142e-17,7.040808071037269e-18,-1.1262807115620922e-17,2.954470639937537e-17,-7.855707341916015e-17,-1.469675298937478e-16,-6.14697888399325e-17,-8.709868907155606e-17,-7.939649617957032e-17,8.042903048751318e-17,1.017197626865735e-17,-2.793919483659585e-17,-5.738404277050899e-17,3.271689658018633e-17,1.6507264593649947e-17,-9.429223666702494e-17,7.049266659976703e-17,3.208878594034158e-17,-9.461324450507257e-17,4.7375621849135567e-17,-4.5142117262050406e-17,-2.790430603244162e-17,8.103155759037627e-17,-1.0236695178812163e-17,-2.8451186445341146e-17,-9.074235721165433e-18,-4.3556569320901115e-17,-7.899307585572652e-18,-1.0542573615555324e-18,3.7695054336636004e-17,1.168687221909159e-16,-6.269267436272133e-17,-9.976361146111675e-18,-3.435094287541494e-17,7.861767539666625e-18,-8.044552197726206e-17,1.283011540056957e-18,6.264808459426691e-17,9.798256317975165e-17,1.1670968021965176e-17,1.210883331794816e-17
373.73737373737373,-1.116262384063311e-16,-3.69724616269456e-17,4.114360905347109e-17,-3.062288194888266e-17,3.8459170180714107e-17,-6.696925444974597e-17,-1.2963371505454948e-16,-6.403750759986961e-17,-3.693786156307738e-17,3.010243831615791e-17,2.2636861184229734e-17,1.1899727438619093e-17,8.638765679156547e-18,-8.205042467384698e-17,-1.2279795771048546e-16,-2.998372943457361e-17,-4.8893328464395556e-17,5.556897469725867e-17,3.761348995857133e-17,1.5803400801650168e-17,-1.0630555654268404e-16,-4.2676792318214223e-17,-6.341759846553423e-17,7.869909944347295e-17,-1.6477113348261442e-17,2.5949849640160335e-17,-7.32188218441725e-17,-3.848161699508201e-17,-5.056193706030642e-17,-5.094445084878613e-17,6.01102310374562e-17,1.0012379781305262e-17,4.12287423749093e-18,-5.74166610016735e-17,-5.754770693600664e-17,-5.323667245814273e-17,-1.2238837481286772e-16,8.491715076628694e-19,7.588828931141941e-17,4.478945271462288e-17,-7.599783182673707e-17,-2.6917312740190265e-17
378.78787878787875,-9.839535064945529e-17,-2.9753518446715785e-17,7.040808070481435e-18,-1.1262807109866308e-17,2.954470639328492e-17,-7.855707339289744e-17,-1.4696752984325995e-16,-6.146978881567966e-17,-8.709868904189786e-17,-7.939649615660898e-17,8.04290304604701e-17,1.01719762694858e-17,-2.793919482450709e-17,-5.73840427490719e-17,3.271689658206823e-17,1.6507264592195198e-17,-9.429223664132801e-17,7.049266657437175e-17,3.2088785932095e-17,-9.461324447623116e-17,4.737562184280526e-17,-4.5142117252644466e-17,-2.7904306024602356e-17,8.103155756239199e-17,-1.023669517630483e-17,-2.845118643585719e-17,-9.074235711488493e-18,-4.35565693095727e-17,-7.899307583461147e-18,-1.0542573609117281e-18,3.7695054319348856e-17,1.1686872215214411e-16,-6.269267434574101e-17,-9.976361136639198e-18,-3.435094286521988e-17,7.86176753555111e-18,-8.044552194751723e-17,1.2830115348285054e-18,6.264808457097805e-17,9.798256314622118e-17,1.167096801527808e-17,1.2108833311844468e-17
383.83838383838383,-1.1162623837682692e-16,-3.697246161423394e-17,4.114360904330613e-17,-3.0622881936229156e-17,3.8459170177211225e-17,-6.696925443972205e-17,-1.296337150125156e-16,-6.40375075734814e-17,-3.6937861538487184e-17,3.010243830018125e-17,2.2636861168630835e-17,1.1899727439176559e-17,8.638765680775249e-18,-8.205042464206966e-17,-1.2279795768126265e-16,-2.9983729425889845e-17,-4.889332844601401e-17,5.556897467774217e-17,3.7613489950681584e-17,1.5803400806983398e-17,-1.0630555651620861e-16,-4.2676792307157087e-17,-6.341759844234006e-17,7.869909941765301e-17,-1.647711334089956e-17,2.5949849630438428e-17,-7.321882182223677e-17,-3.8481616986861755e-17,-5.0561937054402653e-17,-5.094445084146696e-17,6.011023102195318e-17,1.0012379766868708e-17,4.122874239145339e-18,-5.741666097868564e-17,-5.754770692871918e-17,-5.3236672440143045e-17,-1.223883747844199e-16,8.491715077792236e-19,7.588828928472464e-17,4.4789452698636017e-17,-7.599783180950017e-17,-2.6917312729753993e-17
388.88888888888886,-9.839535061708158e-17,-2.975351844074015e-17,7.0408080699256e-18,-1.1262807104111696e-17,2.954470638719447e-17,-7.855707336663472e-17,-1.4696752979277206e-16,-6.146978879142683e-17,-8.709868901223963e-17,-7.939649613364765e-17,8.042903043342704e-17,1.017197627031425e-17,-2.793919481241833e-17,-5.738404272763483e-17,3.2716896583950117e-17,1.6507264590740455e-17,-9.42922366156311e-17,7.049266654897651e-17,3.208878592384842e-17,-9.461324444738972e-17,4.737562183647497e-17,-4.514211724323854e-17,-2.790430601676309e-17,8.103155753440773e-17,-1.0236695173797497e-17,-2.845118642637322e-17,-9.074235701811553e-18,-4.3556569298244285e-17,-7.899307581349644e-18,-1.054257360267924e-18,3.76950543020617e-17,1.1686872211337234e-16,-6.269267432876068e-17,-9.97636112716672e-18,-3.4350942855024825e-17,7.861767531435591e-18,-8.044552191777238e-17,1.2830115296000537e-18,6.264808454768919e-17,9.798256311269067e-17,1.1670968008590978e-17,1.2108833305740774e-17
393.93939393939394,-1.1162623834732273e-16,-3.6972461601522287e-17,4.1143609033141166e-17,-3.0622881923575655e-17,3.8459170173708356e-17,-6.696925442969813e-17,-1.2963371497048176e-16,-6.403750754709319e-17,-3.6937861513896997e-17,3.01024382842046e-17,2.2636861153031933e-17,1.1899727439734025e-17,8.638765682393949e-18,-8.205042461029238e-17,-1.2279795765203984e-16,-2.9983729417206076e-17,-4.889332842763247e-17,5.556897465822568e-17,3.761348994279184e-17,1.580340081231663e-17,-1.0630555648973321e-16,-4.267679229609995e-17,-6.34175984191459e-17,7.869909939183306e-17,-1.6477113333537677e-17,2.5949849620716528e-17,-7.321882180030106e-17,-3.8481616978641517e-17,-5.0561937048498904e-17,-5.09444508341478e-17,6.011023100645017e-17,1.0012379752432155e-17,4.122874240799747e-18,-5.74166609556978e-17,-5.754770692143172e-17,-5.3236672422143365e-17,-1.2238837475597212e-16,8.49171507895578e-19,7.588828925802987e-17,4.4789452682649165e-17,-7.599783179226328e-17,-2.691731271931772e-17
398.98989898989896,-9.839535058470787e-17,-2.975351843476452e-17,7.040808069369765e-18,-1.1262807098357082e-17,2.954470638110402e-17,-7.8557073340372e-17,-1.469675297422842e-16,-6.146978876717399e-17,-8.709868898258142e-17,-7.939649611068632e-17,8.042903040638396e-17,1.0171976271142704e-17,-2.793919480032957e-17,-5.738404270619775e-17,3.2716896585832e-17,1.6507264589285707e-17,-9.429223658993418e-17,7.049266652358124e-17,3.208878591560184e-17,-9.461324441854827e-17,4.737562183014466e-17,-4.514211723383261e-17,-2.790430600892382e-17,8.103155750642347e-17,-1.0236695171290166e-17,-2.8451186416889263e-17,-9.074235692134615e-18,-4.355656928691588e-17,-7.89930757923814e-18,-1.0542573596241201e-18,3.7695054284774544e-17,1.168687220746006e-16,-6.269267431178037e-17,-9.976361117694244e-18,-3.435094284482977e-17,7.861767527320075e-18,-8.044552188802753e-17,1.2830115243716021e-18,6.264808452440034e-17,9.798256307916018e-17,1.167096800190388e-17,1.210883329963708e-17
404.04040404040404,-1.1162623831781855e-16,-3.697246158881064e-17,4.114360902297621e-17,-3.0622881910922153e-17,3.845917017020548e-17,-6.696925441967421e-17,-1.2963371492844787e-16,-6.403750752070499e-17,-3.6937861489306803e-17,3.0102438268227944e-17,2.2636861137433035e-17,1.1899727440291492e-17,8.63876568401265e-18,-8.205042457851508e-17,-1.2279795762281706e-16,-2.9983729408522314e-17,-4.8893328409250937e-17,5.556897463870917e-17,3.76134899349021e-17,1.5803400817649863e-17,-1.0630555646325783e-16,-4.267679228504281e-17,-6.341759839595174e-17,7.869909936601313e-17,-1.6477113326175796e-17,2.594984961099462e-17,-7.321882177836536e-17,-3.848161697042127e-17,-5.0561937042595143e-17,-5.094445082682866e-17,6.011023099094716e-17,1.0012379737995603e-17,4.122874242454156e-18,-5.741666093270995e-17,-5.754770691414428e-17,-5.323667240414368e-17,-1.223883747275243e-16,8.491715080119322e-19,7.588828923133512e-17,4.478945266666231e-17,-7.599783177502639e-17,-2.6917312708881448e-17
409.09090909090907,-9.839535055233414e-17,-2.975351842878889e-17,7.04080806881393e-18,-1.1262807092602468e-17,2.954470637501357e-17,-7.85570733141093e-17,-1.469675296917963e-16,-6.146978874292112e-17,-8.709868895292319e-17,-7.939649608772496e-17,8.04290303793409e-17,1.0171976271971157e-17,-2.7939194788240805e-17,-5.738404268476067e-17,3.2716896587713895e-17,1.650726458783096e-17,-9.42922365642373e-17,7.049266649818597e-17,3.208878590735526e-17,-9.461324438970685e-17,4.7375621823814364e-17,-4.514211722442667e-17,-2.790430600108455e-17,8.103155747843921e-17,-1.0236695168782833e-17,-2.84511864074053e-17,-9.074235682457677e-18,-4.3556569275587454e-17,-7.899307577126637e-18,-1.0542573589803162e-18,3.7695054267487396e-17,1.168687220358288e-16,-6.269267429480004e-17,-9.976361108221765e-18,-3.435094283463472e-17,7.861767523204558e-18,-8.044552185828269e-17,1.2830115191431503e-18,6.264808450111149e-17,9.798256304562971e-17,1.1670967995216783e-17,1.2108833293533387e-17
414.1414141414141,-9.83953505271871e-17,-2.975351842291814e-17,7.04080806781476e-18,-1.1262807088792736e-17,2.9544706369112775e-17,-7.85570732938432e-17,-1.4696752965326605e-16,-6.146978872538031e-17,-8.709868893020811e-17,-7.939649606887038e-17,8.042903035852162e-17,1.0171976271269165e-17,-2.793919477978394e-17,-5.738404266893286e-17,3.2716896585100276e-17,1.6507264585419502e-17,-9.429223654255995e-17,7.04926664791692e-17,3.2088785900204725e-17,-9.461324436656628e-17,4.737562181591395e-17,-4.5142117215365155e-17,-2.790430599456283e-17,8.103155745712827e-17,-1.0236695166557828e-17,-2.8451186400078064e-17,-9.074235677097254e-18,-4.355656926582027e-17,-7.899307575329373e-18,-1.0542573585759172e-18,3.769505425563338e-17,1.1686872200581503e-16,-6.269267428043499e-17,-9.97636110285862e-18,-3.4350942826358723e-17,7.861767520500425e-18,-8.044552183623371e-17,1.2830115166307188e-18,6.264808448388386e-17,9.798256302000063e-17,1.1670967990939947e-17,1.2108833289475288e-17
419.19191919191917,-1.1162623826306864e-16,-3.697246156640121e-17,4.1143609003828715e-17,-3.0622881889270553e-17,3.8459170161032687e-17,-6.696925439799355e-17,-1.2963371485356414e-16,-6.403750747553315e-17,-3.6937861449623574e-17,3.010243824179796e-17,2.2636861112344072e-17,1.1899727439840609e-17,8.638765685451104e-18,-8.205042452359483e-17,-1.2279795756729192e-16,-2.998372939271251e-17,-4.889332837733063e-17,5.556897460443023e-17,3.761348991943821e-17,1.5803400823731485e-17,-1.0630555641347745e-16,-4.267679226443507e-17,-6.341759835549139e-17,7.869909932011327e-17,-1.6477113313720788e-17,2.5949849594102536e-17,-7.321882173869624e-17,-3.8481616954384635e-17,-5.056193702864699e-17,-5.094445081078124e-17,6.011023096202437e-17,1.0012379715935855e-17,4.122874244423365e-18,-5.741666089318599e-17,-5.754770689744283e-17,-5.323667237231826e-17,-1.2238837467316985e-16,8.491715080911336e-19,7.588828918446085e-17,4.478945263866022e-17,-7.59978317418971e-17,-2.691731269084773e-17
424.2424242424242,-9.83953504948134e-17,-2.9753518416942505e-17,7.040808067258926e-18,-1.1262807083038124e-17,2.9544706363022325e-17,-7.855707326758049e-17,-1.4696752960277816e-16,-6.146978870112746e-17,-8.70986889005499e-17,-7.939649604590905e-17,8.042903033147857e-17,1.0171976272097617e-17,-2.793919476769518e-17,-5.738404264749578e-17,3.2716896586982165e-17,1.6507264583964757e-17,-9.429223651686306e-17,7.049266645377394e-17,3.2088785891958146e-17,-9.461324433772484e-17,4.7375621809583646e-17,-4.514211720595923e-17,-2.790430598672356e-17,8.103155742914402e-17,-1.0236695164050498e-17,-2.84511863905941e-17,-9.074235667420315e-18,-4.355656925449186e-17,-7.89930757321787e-18,-1.0542573579321127e-18,3.7695054238346234e-17,1.1686872196704325e-16,-6.269267426345467e-17,-9.976361093386145e-18,-3.435094281616367e-17,7.861767516384908e-18,-8.044552180648887e-17,1.2830115114022674e-18,6.264808446059501e-17,9.798256298647013e-17,1.167096798425285e-17,1.2108833283371595e-17
429.2929292929293,-1.1162623823356446e-16,-3.697246155368956e-17,4.114360899366375e-17,-3.062288187661706e-17,3.845917015752982e-17,-6.696925438796963e-17,-1.2963371481153028e-16,-6.403750744914497e-17,-3.6937861425033393e-17,3.0102438225821296e-17,2.2636861096745173e-17,1.1899727440398073e-17,8.638765687069805e-18,-8.205042449181753e-17,-1.2279795753806914e-16,-2.998372938402875e-17,-4.88933283589491e-17,5.556897458491374e-17,3.761348991154847e-17,1.5803400829064718e-17,-1.0630555638700205e-16,-4.267679225337793e-17,-6.341759833229724e-17,7.869909929429333e-17,-1.647711330635891e-17,2.594984958438063e-17,-7.321882171676053e-17,-3.8481616946164384e-17,-5.0561937022743237e-17,-5.094445080346209e-17,6.011023094652136e-17,1.00123797014993e-17,4.122874246077773e-18,-5.741666087019814e-17,-5.754770689015537e-17,-5.323667235431857e-17,-1.2238837464472204e-16,8.491715082074877e-19,7.58882891577661e-17,4.478945262267336e-17,-7.59978317246602e-17,-2.6917312680411455e-17
434.3434343434343,-9.839535046243967e-17,-2.975351841096687e-17,7.040808066703092e-18,-1.1262807077283511e-17,2.9544706356931875e-17,-7.855707324131776e-17,-1.4696752955229028e-16,-6.146978867687462e-17,-8.709868887089168e-17,-7.939649602294772e-17,8.04290303044355e-17,1.017197627292607e-17,-2.793919475560642e-17,-5.73840426260587e-17,3.2716896588864054e-17,1.650726458251001e-17,-9.429223649116613e-17,7.049266642837867e-17,3.2088785883711566e-17,-9.461324430888339e-17,4.7375621803253346e-17,-4.51421171965533e-17,-2.790430597888429e-17,8.103155740115974e-17,-1.0236695161543165e-17,-2.845118638111014e-17,-9.074235657743376e-18,-4.355656924316345e-17,-7.899307571106367e-18,-1.054257357288309e-18,3.7695054221059086e-17,1.1686872192827148e-16,-6.269267424647436e-17,-9.976361083913667e-18,-3.4350942805968616e-17,7.861767512269391e-18,-8.044552177674403e-17,1.283011506173816e-18,6.264808443730616e-17,9.798256295293965e-17,1.1670967977565752e-17,1.2108833277267903e-17
439.3939393939394,-1.1162623820406024e-16,-3.697246154097791e-17,4.1143608983498784e-17,-3.062288186396355e-17,3.845917015402694e-17,-6.696925437794571e-17,-1.296337147694964e-16,-6.403750742275676e-17,-3.693786140044319e-17,3.0102438209844644e-17,2.2636861081146265e-17,1.189972744095554e-17,8.638765688688502e-18,-8.205042446004021e-17,-1.2279795750884633e-16,-2.9983729375344975e-17,-4.889332834056754e-17,5.556897456539723e-17,3.761348990365871e-17,1.5803400834397947e-17,-1.0630555636052662e-16,-4.267679224232079e-17,-6.341759830910307e-17,7.869909926847339e-17,-1.6477113298997023e-17,2.5949849574658724e-17,-7.321882169482481e-17,-3.8481616937944133e-17,-5.056193701683948e-17,-5.0944450796142925e-17,6.011023093101835e-17,1.0012379687062747e-17,4.122874247732181e-18,-5.741666084721029e-17,-5.754770688286793e-17,-5.3236672336318886e-17,-1.2238837461627424e-16,8.491715083238421e-19,7.58882891310713e-17,4.47894526066865e-17,-7.59978317074233e-17,-2.6917312669975186e-17
444.4444444444444,-9.839535043006597e-17,-2.975351840499124e-17,7.040808066147256e-18,-1.1262807071528897e-17,2.9544706350841425e-17,-7.855707321505506e-17,-1.469675295018024e-16,-6.146978865262177e-17,-8.709868884123348e-17,-7.93964959999864e-17,8.042903027739243e-17,1.0171976273754522e-17,-2.7939194743517655e-17,-5.738404260462161e-17,3.271689659074594e-17,1.6507264581055265e-17,-9.429223646546923e-17,7.04926664029834e-17,3.208878587546498e-17,-9.461324428004196e-17,4.7375621796923045e-17,-4.514211718714736e-17,-2.790430597104503e-17,8.103155737317548e-17,-1.0236695159035833e-17,-2.845118637162618e-17,-9.074235648066438e-18,-4.355656923183503e-17,-7.89930756899486e-18,-1.054257356644505e-18,3.769505420377193e-17,1.168687218894997e-16,-6.269267422949403e-17,-9.976361074441191e-18,-3.4350942795773557e-17,7.861767508153875e-18,-8.044552174699919e-17,1.2830115009453639e-18,6.26480844140173e-17,9.798256291940915e-17,1.1670967970878653e-17,1.2108833271164208e-17
449.4949494949495,-1.1162623817455606e-16,-3.6972461528266253e-17,4.1143608973333824e-17,-3.062288185131005e-17,3.845917015052407e-17,-6.696925436792179e-17,-1.2963371472746258e-16,-6.403750739636856e-17,-3.6937861375853e-17,3.0102438193867986e-17,2.2636861065547367e-17,1.1899727441513008e-17,8.638765690307207e-18,-8.205042442826291e-17,-1.2279795747962352e-16,-2.998372936666121e-17,-4.8893328322186004e-17,5.556897454588074e-17,3.761348989576897e-17,1.5803400839731183e-17,-1.0630555633405121e-16,-4.267679223126365e-17,-6.341759828590889e-17,7.869909924265346e-17,-1.6477113291635145e-17,2.5949849564936817e-17,-7.321882167288909e-17,-3.848161692972389e-17,-5.056193701093572e-17,-5.094445078882377e-17,6.011023091551533e-17,1.0012379672626195e-17,4.122874249386589e-18,-5.741666082422245e-17,-5.754770687558047e-17,-5.3236672318319194e-17,-1.2238837458782644e-16,8.491715084401963e-19,7.588828910437654e-17,4.478945259069965e-17,-7.599783169018639e-17,-2.6917312659538914e-17
454.5454545454545,-9.839535039769226e-17,-2.9753518399015603e-17,7.04080806559142e-18,-1.1262807065774285e-17,2.9544706344750975e-17,-7.855707318879233e-17,-1.469675294513145e-16,-6.146978862836893e-17,-8.709868881157526e-17,-7.939649597702506e-17,8.042903025034936e-17,1.0171976274582973e-17,-2.79391947314289e-17,-5.738404258318454e-17,3.2716896592627833e-17,1.6507264579600513e-17,-9.429223643977232e-17,7.049266637758814e-17,3.2088785867218395e-17,-9.461324425120053e-17,4.7375621790592744e-17,-4.514211717774142e-17,-2.790430596320576e-17,8.103155734519122e-17,-1.0236695156528503e-17,-2.8451186362142224e-17,-9.074235638389498e-18,-4.3556569220506615e-17,-7.899307566883359e-18,-1.054257356000701e-18,3.769505418648478e-17,1.168687218507279e-16,-6.269267421251371e-17,-9.976361064968716e-18,-3.4350942785578503e-17,7.861767504038358e-18,-8.044552171725437e-17,1.283011495716912e-18,6.264808439072845e-17,9.798256288587866e-17,1.1670967964191557e-17,1.2108833265060513e-17
459.5959595959596,-1.1162623814505187e-16,-3.6972461515554604e-17,4.114360896316887e-17,-3.062288183865655e-17,3.845917014702119e-17,-6.696925435789787e-17,-1.2963371468542872e-16,-6.403750736998033e-17,-3.6937861351262813e-17,3.0102438177891334e-17,2.2636861049948468e-17,1.1899727442070474e-17,8.638765691925907e-18,-8.205042439648561e-17,-1.2279795745040073e-16,-2.9983729357977444e-17,-4.889332830380448e-17,5.556897452636424e-17,3.761348988787923e-17,1.5803400845064416e-17,-1.0630555630757582e-16,-4.267679222020651e-17,-6.341759826271474e-17,7.869909921683353e-17,-1.647711328427326e-17,2.5949849555214914e-17,-7.32188216509534e-17,-3.848161692150365e-17,-5.056193700503197e-17,-5.0944450781504625e-17,6.011023090001233e-17,1.0012379658189643e-17,4.122874251040998e-18,-5.74166608012346e-17,-5.754770686829302e-17,-5.323667230031951e-17,-1.2238837455937866e-16,8.491715085565508e-19,7.588828907768179e-17,4.478945257471279e-17,-7.599783167294951e-17,-2.6917312649102638e-17
464.6464646464646,-9.839535036531856e-17,-2.9753518393039976e-17,7.040808065035586e-18,-1.1262807060019673e-17,2.954470633866052e-17,-7.855707316252962e-17,-1.4696752940082662e-16,-6.146978860411608e-17,-8.709868878191703e-17,-7.939649595406371e-17,8.042903022330629e-17,1.0171976275411424e-17,-2.7939194719340134e-17,-5.738404256174747e-17,3.271689659450972e-17,1.650726457814577e-17,-9.429223641407539e-17,7.049266635219289e-17,3.208878585897182e-17,-9.461324422235909e-17,4.737562178426244e-17,-4.514211716833549e-17,-2.79043059553665e-17,8.103155731720696e-17,-1.023669515402117e-17,-2.845118635265826e-17,-9.07423562871256e-18,-4.3556569209178197e-17,-7.899307564771855e-18,-1.0542573553568969e-18,3.7695054169197626e-17,1.1686872181195613e-16,-6.269267419553338e-17,-9.976361055496239e-18,-3.435094277538345e-17,7.86176749992284e-18,-8.044552168750953e-17,1.2830114904884602e-18,6.26480843674396e-17,9.798256285234819e-17,1.1670967957504458e-17,1.210883325895682e-17
469.6969696969697,-1.1162623811554766e-16,-3.697246150284295e-17,4.1143608953003905e-17,-3.0622881826003046e-17,3.845917014351831e-17,-6.696925434787394e-17,-1.2963371464339486e-16,-6.403750734359214e-17,-3.693786132667262e-17,3.0102438161914675e-17,2.2636861034349564e-17,1.189972744262794e-17,8.638765693544604e-18,-8.20504243647083e-17,-1.2279795742117792e-16,-2.9983729349293676e-17,-4.889332828542293e-17,5.556897450684774e-17,3.7613489879989465e-17,1.5803400850397646e-17,-1.0630555628110038e-16,-4.2676792209149365e-17,-6.341759823952057e-17,7.869909919101358e-17,-1.6477113276911377e-17,2.594984954549301e-17,-7.321882162901766e-17,-3.848161691328339e-17,-5.0561936999128205e-17,-5.094445077418546e-17,6.011023088450932e-17,1.0012379643753088e-17,4.1228742526954064e-18,-5.741666077824675e-17,-5.754770686100556e-17,-5.3236672282319816e-17,-1.2238837453093083e-16,8.491715086729049e-19,7.5888289050987e-17,4.478945255872592e-17,-7.599783165571262e-17,-2.6917312638666363e-17
474.7474747474747,-9.839535033294484e-17,-2.975351838706434e-17,7.040808064479752e-18,-1.1262807054265059e-17,2.9544706332570076e-17,-7.855707313626692e-17,-1.4696752935033878e-16,-6.146978857986325e-17,-8.709868875225882e-17,-7.93964959311024e-17,8.042903019626322e-17,1.0171976276239878e-17,-2.793919470725137e-17,-5.738404254031039e-17,3.2716896596391606e-17,1.6507264576691028e-17,-9.429223638837848e-17,7.049266632679762e-17,3.2088785850725237e-17,-9.461324419351767e-17,4.7375621777932143e-17,-4.514211715892956e-17,-2.790430594752723e-17,8.10315572892227e-17,-1.0236695151513839e-17,-2.8451186343174304e-17,-9.074235619035622e-18,-4.3556569197849784e-17,-7.899307562660352e-18,-1.0542573547130931e-18,3.769505415191048e-17,1.1686872177318436e-16,-6.269267417855305e-17,-9.976361046023761e-18,-3.4350942765188396e-17,7.861767495807323e-18,-8.04455216577647e-17,1.2830114852600086e-18,6.264808434415074e-17,9.798256281881768e-17,1.167096795081736e-17,1.2108833252853127e-17
479.7979797979798,-1.116262380860435e-16,-3.69724614901313e-17,4.114360894283894e-17,-3.062288181334955e-17,3.845917014001544e-17,-6.696925433785e-17,-1.29633714601361e-16,-6.403750731720394e-17,-3.693786130208243e-17,3.010243814593802e-17,2.2636861018750665e-17,1.1899727443185405e-17,8.638765695163308e-18,-8.2050424332931e-17,-1.2279795739195514e-16,-2.998372934060991e-17,-4.88933282670414e-17,5.556897448733125e-17,3.761348987209972e-17,1.580340085573088e-17,-1.06305556254625e-16,-4.2676792198092235e-17,-6.341759821632641e-17,7.869909916519365e-17,-1.6477113269549496e-17,2.5949849535771104e-17,-7.321882160708197e-17,-3.8481616905063153e-17,-5.0561936993224456e-17,-5.094445076686631e-17,6.01102308690063e-17,1.0012379629316534e-17,4.122874254349815e-18,-5.741666075525892e-17,-5.75477068537181e-17,-5.3236672264320136e-17,-1.2238837450248303e-16,8.491715087892592e-19,7.588828902429225e-17,4.478945254273907e-17,-7.599783163847572e-17,-2.6917312628230094e-17
484.8484848484848,-9.839535030057112e-17,-2.975351838108871e-17,7.040808063923916e-18,-1.1262807048510445e-17,2.9544706326479626e-17,-7.85570731100042e-17,-1.469675292998509e-16,-6.14697885556104e-17,-8.70986887226006e-17,-7.939649590814105e-17,8.042903016922016e-17,1.0171976277068328e-17,-2.7939194695162614e-17,-5.73840425188733e-17,3.27168965982735e-17,1.650726457523628e-17,-9.429223636268157e-17,7.049266630140236e-17,3.208878584247865e-17,-9.461324416467623e-17,4.7375621771601836e-17,-4.514211714952363e-17,-2.7904305939687963e-17,8.103155726123843e-17,-1.0236695149006506e-17,-2.845118633369034e-17,-9.074235609358684e-18,-4.3556569186521366e-17,-7.899307560548849e-18,-1.0542573540692889e-18,3.769505413462332e-17,1.1686872173441258e-16,-6.269267416157272e-17,-9.976361036551281e-18,-3.4350942754993337e-17,7.861767491691807e-18,-8.044552162801985e-17,1.2830114800315568e-18,6.264808432086189e-17,9.798256278528718e-17,1.167096794413026e-17,1.2108833246749432e-17
489.89898989898984,-9.839535027542406e-17,-2.9753518375217956e-17,7.040808062924748e-18,-1.1262807044700715e-17,2.9544706320578835e-17,-7.85570730897381e-17,-1.4696752926132063e-16,-6.146978853806958e-17,-8.709868869988553e-17,-7.939649588928648e-17,8.042903014840089e-17,1.0171976276366339e-17,-2.793919468670574e-17,-5.738404250304549e-17,3.271689659565988e-17,1.650726457282482e-17,-9.429223634100423e-17,7.049266628238559e-17,3.2088785835328126e-17,-9.461324414153565e-17,4.737562176370143e-17,-4.514211714046211e-17,-2.790430593316624e-17,8.10315572399275e-17,-1.0236695146781501e-17,-2.84511863263631e-17,-9.074235603998261e-18,-4.355656917675419e-17,-7.899307558751585e-18,-1.0542573536648898e-18,3.7695054122769316e-17,1.168687217043988e-16,-6.269267414720769e-17,-9.976361031188138e-18,-3.435094274671735e-17,7.861767488987675e-18,-8.044552160597087e-17,1.2830114775191259e-18,6.264808430363426e-17,9.798256275965814e-17,1.1670967939853429e-17,1.2108833242691339e-17
494.9494949494949,-1.116262380312936e-16,-3.697246146772187e-17,4.114360892369144e-17,-3.0622881791697944e-17,3.8459170130842653e-17,-6.696925431616937e-17,-1.2963371452647724e-16,-6.403750727203211e-17,-3.6937861262399204e-17,3.010243811950803e-17,2.2636860993661705e-17,1.1899727442734523e-17,8.63876569660176e-18,-8.205042427801077e-17,-1.2279795733643e-16,-2.9983729324800105e-17,-4.8893328235121084e-17,5.55689744530523e-17,3.761348985663585e-17,1.58034008618125e-17,-1.0630555620484464e-16,-4.267679217748448e-17,-6.341759817586608e-17,7.869909911929379e-17,-1.6477113257094488e-17,2.5949849518879022e-17,-7.321882156741284e-17,-3.848161688902651e-17,-5.0561936979276305e-17,-5.0944450750818885e-17,6.011023084008352e-17,1.0012379607256787e-17,4.1228742563190236e-18,-5.741666071573493e-17,-5.754770683701666e-17,-5.323667223249471e-17,-1.223883744481286e-16,8.491715088684605e-19,7.588828897741797e-17,4.4789452514736985e-17,-7.599783160534642e-17,-2.6917312610196376e-17
500.0,-1.116262380270351e-16,-3.697246146470799e-17,4.114360892250902e-17,-3.062288178804254e-17,3.8459170133009685e-17,-6.696925431780217e-17,-1.2963371451729327e-16,-6.403750726442752e-17,-3.693786125290205e-17,3.010243811398471e-17,2.2636860987552865e-17,1.189972744430034e-17,8.638765698400707e-18,-8.205042426937641e-17,-1.2279795733350952e-16,-2.998372932324238e-17,-4.8893328230278316e-17,5.556897444829824e-17,3.7613489856320224e-17,1.580340086639734e-17,-1.0630555620167415e-16,-4.267679217597794e-17,-6.341759816993808e-17,7.869909911355375e-17,-1.6477113254825727e-17,2.5949849516327288e-17,-7.321882156321053e-17,-3.8481616888622664e-17,-5.056193698141694e-17,-5.0944450752228006e-17,6.011023083800027e-17,1.0012379600443429e-17,4.12287425765863e-18,-5.741666070928321e-17,-5.75477068391432e-17,-5.323667222832076e-17,-1.2238837444558742e-16,8.491715090219677e-19,7.58882889709027e-17,4.4789452510765353e-17,-7.599783160400191e-17,-2.6917312607357543e-17
